seconds,mode,raw_rms,noise_floor,opening_threshold,sensitivity,target,intensity,particles,ripples,fps,heap_used_mb,guided_phase
0.001,AUTO DEMO / SYNTHETIC RMS,0.002001,0.002000,0.004000,1.000,0.00000,0.00000,0,0,33.32,27.85,none
0.264,AUTO DEMO / SYNTHETIC RMS,0.002129,0.002000,0.004000,1.000,0.00000,0.00000,0,0,35.59,30.31,none
0.502,AUTO DEMO / SYNTHETIC RMS,0.001885,0.002000,0.004000,1.000,0.00000,0.00000,0,0,44.55,25.12,none
0.754,AUTO DEMO / SYNTHETIC RMS,0.001963,0.002000,0.004000,1.000,0.00000,0.00000,0,0,51.53,28.92,none
1.012,AUTO DEMO / SYNTHETIC RMS,0.002146,0.002000,0.004000,1.000,0.00000,0.00000,0,0,54.76,31.82,none
1.257,AUTO DEMO / SYNTHETIC RMS,0.001912,0.002000,0.004000,1.000,0.00000,0.00000,0,0,46.18,33.93,none
1.505,AUTO DEMO / SYNTHETIC RMS,0.001925,0.002000,0.004000,1.000,0.00000,0.00000,0,0,49.21,36.42,none
1.761,AUTO DEMO / SYNTHETIC RMS,0.002150,0.002000,0.004000,1.000,0.00000,0.00000,0,0,47.75,47.22,none
2.012,AUTO DEMO / SYNTHETIC RMS,0.001943,0.002000,0.004000,1.000,0.00000,0.00000,0,0,53.53,50.23,none
2.262,AUTO DEMO / SYNTHETIC RMS,0.001897,0.002000,0.004000,1.000,0.00000,0.00000,0,0,56.79,30.85,none
2.513,AUTO DEMO / SYNTHETIC RMS,0.002142,0.002000,0.004000,1.000,0.00000,0.00000,0,0,58.45,34.85,none
2.768,AUTO DEMO / SYNTHETIC RMS,0.001978,0.002000,0.004000,1.000,0.00000,0.00000,0,0,58.46,38.85,none
3.004,AUTO DEMO / SYNTHETIC RMS,0.001866,0.002142,0.004142,1.000,0.00000,0.00000,0,0,58.83,40.73,none
3.254,AUTO DEMO / SYNTHETIC RMS,0.002118,0.002142,0.004142,1.000,0.00000,0.00000,0,0,59.40,44.73,none
3.503,AUTO DEMO / SYNTHETIC RMS,0.002037,0.002142,0.004142,1.000,0.00000,0.00000,0,0,59.96,46.85,none
3.754,AUTO DEMO / SYNTHETIC RMS,0.001853,0.002142,0.004142,1.000,0.00000,0.00000,0,0,59.76,50.61,none
4.004,AUTO DEMO / SYNTHETIC RMS,0.002087,0.002142,0.004142,1.000,0.00000,0.00000,0,0,59.90,54.85,none
4.255,AUTO DEMO / SYNTHETIC RMS,0.002074,0.002142,0.004142,1.000,0.00000,0.00000,0,0,46.98,56.73,none
4.515,AUTO DEMO / SYNTHETIC RMS,0.001850,0.002142,0.004142,1.000,0.00000,0.00000,0,0,52.52,58.61,none
4.766,AUTO DEMO / SYNTHETIC RMS,0.002063,0.002142,0.004142,1.000,0.00000,0.00000,0,0,56.17,62.61,none
5.015,AUTO DEMO / SYNTHETIC RMS,0.002099,0.002142,0.004142,1.000,0.00000,0.00000,0,0,58.29,64.73,none
5.254,AUTO DEMO / SYNTHETIC RMS,0.001861,0.002142,0.004142,1.000,0.00000,0.00000,0,0,57.09,72.73,none
5.508,AUTO DEMO / SYNTHETIC RMS,0.002012,0.002142,0.004142,1.000,0.00000,0.00000,0,0,58.25,74.61,none
5.758,AUTO DEMO / SYNTHETIC RMS,0.002131,0.002142,0.004142,1.000,0.00000,0.00000,0,0,59.13,78.61,none
6.008,AUTO DEMO / SYNTHETIC RMS,0.015096,0.002142,0.004142,1.000,0.18256,0.02831,0,0,59.61,80.73,none
6.257,AUTO DEMO / SYNTHETIC RMS,0.016763,0.002142,0.004142,1.000,0.21034,0.18665,6,1,56.56,84.73,none
6.507,AUTO DEMO / SYNTHETIC RMS,0.018707,0.002142,0.004142,1.000,0.24275,0.23116,14,1,58.36,86.61,none
6.758,AUTO DEMO / SYNTHETIC RMS,0.018801,0.002142,0.004142,1.000,0.24431,0.24517,23,1,59.05,90.61,none
7.008,AUTO DEMO / SYNTHETIC RMS,0.017410,0.002142,0.004142,1.000,0.22113,0.24041,32,1,59.58,92.73,none
7.257,AUTO DEMO / SYNTHETIC RMS,0.015780,0.002142,0.004142,1.000,0.19396,0.22762,40,1,59.97,96.73,none
7.509,AUTO DEMO / SYNTHETIC RMS,0.014980,0.002142,0.004142,1.000,0.18063,0.21169,48,1,59.81,98.85,none
7.758,AUTO DEMO / SYNTHETIC RMS,0.016145,0.002142,0.004142,1.000,0.20004,0.20342,56,1,60.02,102.61,none
8.002,AUTO DEMO / SYNTHETIC RMS,0.018259,0.002142,0.004142,1.000,0.23527,0.22404,63,1,58.20,106.61,none
8.261,AUTO DEMO / SYNTHETIC RMS,0.018980,0.002142,0.004142,1.000,0.24729,0.24500,70,1,56.89,112.73,none
8.510,AUTO DEMO / SYNTHETIC RMS,0.017862,0.002142,0.004142,1.000,0.22866,0.24274,75,0,58.64,116.73,none
8.760,AUTO DEMO / SYNTHETIC RMS,0.016196,0.002142,0.004142,1.000,0.20089,0.23180,79,0,59.37,118.61,none
9.015,AUTO DEMO / SYNTHETIC RMS,0.015026,0.002142,0.004142,1.000,0.18139,0.21557,83,0,54.22,122.61,none
9.265,AUTO DEMO / SYNTHETIC RMS,0.015660,0.002142,0.004142,1.000,0.19197,0.20421,86,0,57.14,124.73,none
9.514,AUTO DEMO / SYNTHETIC RMS,0.017799,0.002142,0.004142,1.000,0.22761,0.21666,79,0,58.68,130.61,none
9.764,AUTO DEMO / SYNTHETIC RMS,0.019017,0.002142,0.004142,1.000,0.24790,0.24231,83,0,59.46,132.73,none
10.014,AUTO DEMO / SYNTHETIC RMS,0.067023,0.002142,0.004142,1.000,1.00000,0.35828,88,0,59.77,136.73,none
10.264,AUTO DEMO / SYNTHETIC RMS,0.070813,0.002142,0.004142,1.000,1.00000,0.94758,98,1,59.83,138.85,none
10.509,AUTO DEMO / SYNTHETIC RMS,0.077093,0.002142,0.004142,1.000,1.00000,0.99545,115,1,58.52,142.61,none
10.758,AUTO DEMO / SYNTHETIC RMS,0.082664,0.002142,0.004142,1.000,1.00000,0.99962,132,1,59.41,146.61,none
11.011,AUTO DEMO / SYNTHETIC RMS,0.085009,0.002142,0.004142,1.000,1.00000,0.99997,152,1,59.36,29.51,none
11.260,AUTO DEMO / SYNTHETIC RMS,0.082449,0.002142,0.004142,1.000,1.00000,1.00000,170,2,59.82,34.56,none
11.510,AUTO DEMO / SYNTHETIC RMS,0.076131,0.002142,0.004142,1.000,1.00000,1.00000,180,2,59.94,38.56,none
11.760,AUTO DEMO / SYNTHETIC RMS,0.070015,0.002142,0.004142,1.000,1.00000,1.00000,178,2,59.86,42.56,none
12.015,AUTO DEMO / SYNTHETIC RMS,0.067176,0.002142,0.004142,1.000,1.00000,1.00000,178,3,59.39,44.56,none
12.252,AUTO DEMO / SYNTHETIC RMS,0.068632,0.002142,0.004142,1.000,1.00000,1.00000,179,3,59.02,48.56,none
12.504,AUTO DEMO / SYNTHETIC RMS,0.074265,0.002142,0.004142,1.000,1.00000,1.00000,179,2,59.28,50.56,none
12.754,AUTO DEMO / SYNTHETIC RMS,0.080949,0.002142,0.004142,1.000,1.00000,1.00000,179,2,59.73,54.56,none
13.004,AUTO DEMO / SYNTHETIC RMS,0.084652,0.002142,0.004142,1.000,1.00000,1.00000,179,3,59.83,58.56,none
13.254,AUTO DEMO / SYNTHETIC RMS,0.083828,0.002142,0.004142,1.000,1.00000,1.00000,177,3,53.70,64.56,none
13.507,AUTO DEMO / SYNTHETIC RMS,0.078974,0.002142,0.004142,1.000,1.00000,1.00000,173,2,54.10,66.56,none
13.756,AUTO DEMO / SYNTHETIC RMS,0.072244,0.002142,0.004142,1.000,1.00000,1.00000,179,2,57.11,70.56,none
14.018,AUTO DEMO / SYNTHETIC RMS,0.067444,0.002142,0.004142,1.000,1.00000,1.00000,180,3,56.62,74.56,none
14.258,AUTO DEMO / SYNTHETIC RMS,0.067710,0.002142,0.004142,1.000,1.00000,1.00000,180,3,57.62,76.56,none
14.508,AUTO DEMO / SYNTHETIC RMS,0.072055,0.002142,0.004142,1.000,1.00000,1.00000,180,2,58.83,80.56,none
14.759,AUTO DEMO / SYNTHETIC RMS,0.078470,0.002142,0.004142,1.000,1.00000,1.00000,180,2,59.37,84.56,none
15.014,AUTO DEMO / SYNTHETIC RMS,0.083954,0.002142,0.004142,1.000,1.00000,1.00000,178,3,59.13,86.56,none
15.265,AUTO DEMO / SYNTHETIC RMS,0.084799,0.002142,0.004142,1.000,1.00000,1.00000,178,2,59.57,90.56,none
15.515,AUTO DEMO / SYNTHETIC RMS,0.080768,0.002142,0.004142,1.000,1.00000,1.00000,179,2,59.69,92.56,none
15.765,AUTO DEMO / SYNTHETIC RMS,0.074545,0.002142,0.004142,1.000,1.00000,1.00000,179,2,59.92,96.56,none
16.015,AUTO DEMO / SYNTHETIC RMS,0.002095,0.002142,0.004142,1.000,0.00000,0.96914,179,3,59.85,100.56,none
16.265,AUTO DEMO / SYNTHETIC RMS,0.001855,0.002142,0.004142,1.000,0.00000,0.61558,174,2,59.96,102.56,none
16.515,AUTO DEMO / SYNTHETIC RMS,0.002026,0.002142,0.004142,1.000,0.00000,0.39053,167,2,59.91,106.56,none
16.765,AUTO DEMO / SYNTHETIC RMS,0.002123,0.002142,0.004142,1.000,0.00000,0.24773,158,2,59.88,110.56,none
17.015,AUTO DEMO / SYNTHETIC RMS,0.001871,0.002142,0.004142,1.000,0.00000,0.15743,151,2,59.98,112.56,none
17.264,AUTO DEMO / SYNTHETIC RMS,0.001983,0.002142,0.004142,1.000,0.00000,0.10000,141,1,60.04,116.56,none
17.515,AUTO DEMO / SYNTHETIC RMS,0.002142,0.002142,0.004142,1.000,0.00000,0.06339,129,1,59.89,118.56,none
17.764,AUTO DEMO / SYNTHETIC RMS,0.001899,0.002142,0.004142,1.000,0.00000,0.04030,117,1,60.08,122.56,none
18.013,AUTO DEMO / SYNTHETIC RMS,0.001940,0.002142,0.004142,1.000,0.00000,0.02564,103,1,57.70,124.56,none
18.267,AUTO DEMO / SYNTHETIC RMS,0.002150,0.002142,0.004142,1.000,0.00000,0.01616,85,0,58.35,128.56,none
18.504,AUTO DEMO / SYNTHETIC RMS,0.001944,0.002142,0.004142,1.000,0.00000,0.01049,71,0,58.55,132.56,none
18.754,AUTO DEMO / SYNTHETIC RMS,0.001896,0.002142,0.004142,1.000,0.00000,0.00667,54,0,59.47,134.56,none
19.005,AUTO DEMO / SYNTHETIC RMS,0.002142,0.002142,0.004142,1.000,0.00000,0.00423,43,0,59.61,138.56,none
19.257,AUTO DEMO / SYNTHETIC RMS,0.001982,0.002142,0.004142,1.000,0.00000,0.00267,34,0,59.52,140.56,none
19.507,AUTO DEMO / SYNTHETIC RMS,0.001872,0.002142,0.004142,1.000,0.00000,0.00170,21,0,59.78,144.56,none
19.757,AUTO DEMO / SYNTHETIC RMS,0.002124,0.002142,0.004142,1.000,0.00000,0.00108,15,0,59.80,146.56,none
20.010,AUTO DEMO / SYNTHETIC RMS,0.002021,0.002142,0.004142,1.000,0.00000,0.00000,10,0,59.46,150.56,none
20.260,AUTO DEMO / SYNTHETIC RMS,0.001856,0.002142,0.004142,1.000,0.00000,0.00000,4,0,59.67,152.56,none
20.510,AUTO DEMO / SYNTHETIC RMS,0.002098,0.002142,0.004142,1.000,0.00000,0.00000,3,0,59.98,156.56,none
20.761,AUTO DEMO / SYNTHETIC RMS,0.002061,0.002142,0.004142,1.000,0.00000,0.00000,0,0,59.92,158.56,none
21.011,AUTO DEMO / SYNTHETIC RMS,0.001850,0.002142,0.004142,1.000,0.00000,0.00000,0,0,59.89,162.56,none
21.261,AUTO DEMO / SYNTHETIC RMS,0.002064,0.002142,0.004142,1.000,0.00000,0.00000,0,0,58.53,168.56,none
21.510,AUTO DEMO / SYNTHETIC RMS,0.002097,0.002142,0.004142,1.000,0.00000,0.00000,0,0,59.39,172.56,none
21.761,AUTO DEMO / SYNTHETIC RMS,0.001856,0.002142,0.004142,1.000,0.00000,0.00000,0,0,59.74,174.56,none
22.012,AUTO DEMO / SYNTHETIC RMS,0.002024,0.002142,0.004142,1.000,0.00000,0.00000,0,0,59.74,178.56,none
22.268,AUTO DEMO / SYNTHETIC RMS,0.002120,0.002142,0.004142,1.000,0.00000,0.00000,0,0,58.73,180.56,none
22.512,AUTO DEMO / SYNTHETIC RMS,0.001872,0.002142,0.004142,1.000,0.00000,0.00000,0,0,58.24,184.56,none
22.753,AUTO DEMO / SYNTHETIC RMS,0.001972,0.002142,0.004142,1.000,0.00000,0.00000,0,0,58.39,186.56,none
23.009,AUTO DEMO / SYNTHETIC RMS,0.002144,0.002142,0.004142,1.000,0.00000,0.00000,0,0,54.13,190.56,none
23.259,AUTO DEMO / SYNTHETIC RMS,0.001901,0.002142,0.004142,1.000,0.00000,0.00000,0,0,57.12,192.56,none
23.510,AUTO DEMO / SYNTHETIC RMS,0.001939,0.002142,0.004142,1.000,0.00000,0.00000,0,0,58.61,196.56,none
23.759,AUTO DEMO / SYNTHETIC RMS,0.002150,0.002142,0.004142,1.000,0.00000,0.00000,0,0,59.38,198.56,none
24.014,AUTO DEMO / SYNTHETIC RMS,0.002017,0.002142,0.004142,1.000,0.00000,0.00000,0,0,58.98,202.56,none
24.265,AUTO DEMO / SYNTHETIC RMS,0.002128,0.002142,0.004142,1.000,0.00000,0.00000,0,0,59.52,204.56,none
24.514,AUTO DEMO / SYNTHETIC RMS,0.001876,0.002142,0.004142,1.000,0.00000,0.00000,0,0,59.87,208.56,none
24.751,AUTO DEMO / SYNTHETIC RMS,0.001960,0.002142,0.004142,1.000,0.00000,0.00000,0,0,59.33,210.56,none
25.017,AUTO DEMO / SYNTHETIC RMS,0.002144,0.002142,0.004142,1.000,0.00000,0.00000,0,0,59.85,214.56,none
25.251,AUTO DEMO / SYNTHETIC RMS,0.001918,0.002142,0.004142,1.000,0.00000,0.00000,0,0,59.92,218.56,none
25.501,AUTO DEMO / SYNTHETIC RMS,0.001921,0.002142,0.004142,1.000,0.00000,0.00000,0,0,59.84,220.56,none
25.757,AUTO DEMO / SYNTHETIC RMS,0.002149,0.002142,0.004142,1.000,0.00000,0.00000,0,0,53.43,222.56,none
26.008,AUTO DEMO / SYNTHETIC RMS,0.001947,0.002142,0.004142,1.000,0.00000,0.00000,0,0,56.61,226.56,none
26.258,AUTO DEMO / SYNTHETIC RMS,0.001894,0.002142,0.004142,1.000,0.00000,0.00000,0,0,58.34,228.56,none
26.507,AUTO DEMO / SYNTHETIC RMS,0.002140,0.002142,0.004142,1.000,0.00000,0.00000,0,0,59.35,232.56,none
26.758,AUTO DEMO / SYNTHETIC RMS,0.001989,0.002142,0.004142,1.000,0.00000,0.00000,0,0,59.66,236.56,none
27.008,AUTO DEMO / SYNTHETIC RMS,0.001869,0.002143,0.004143,1.000,0.00000,0.00000,0,0,59.77,238.56,none
27.259,AUTO DEMO / SYNTHETIC RMS,0.002121,0.002143,0.004143,1.000,0.00000,0.00000,0,0,59.86,242.56,none
27.508,AUTO DEMO / SYNTHETIC RMS,0.002031,0.002143,0.004143,1.000,0.00000,0.00000,0,0,60.00,244.56,none
27.759,AUTO DEMO / SYNTHETIC RMS,0.001854,0.002143,0.004143,1.000,0.00000,0.00000,0,0,59.92,248.56,none
28.011,AUTO DEMO / SYNTHETIC RMS,0.002093,0.002143,0.004143,1.000,0.00000,0.00000,0,0,49.80,250.56,none
28.263,AUTO DEMO / SYNTHETIC RMS,0.002065,0.002143,0.004143,1.000,0.00000,0.00000,0,0,54.52,252.56,none
28.513,AUTO DEMO / SYNTHETIC RMS,0.001850,0.002143,0.004143,1.000,0.00000,0.00000,0,0,57.38,256.56,none
28.763,AUTO DEMO / SYNTHETIC RMS,0.002059,0.002143,0.004143,1.000,0.00000,0.00000,0,0,58.70,258.56,none
29.009,AUTO DEMO / SYNTHETIC RMS,0.002104,0.002143,0.004143,1.000,0.00000,0.00000,0,0,57.52,30.55,none
29.261,AUTO DEMO / SYNTHETIC RMS,0.001858,0.002143,0.004143,1.000,0.00000,0.00000,0,0,58.69,33.91,none
29.511,AUTO DEMO / SYNTHETIC RMS,0.002016,0.002143,0.004143,1.000,0.00000,0.00000,0,0,59.42,38.55,none
29.762,AUTO DEMO / SYNTHETIC RMS,0.002129,0.002143,0.004143,1.000,0.00000,0.00000,0,0,59.68,40.55,none
30.012,AUTO DEMO / SYNTHETIC RMS,0.015109,0.002143,0.004143,1.000,0.18276,0.02938,0,0,59.71,44.55,none
30.261,AUTO DEMO / SYNTHETIC RMS,0.016800,0.002143,0.004143,1.000,0.21095,0.18714,6,1,59.96,46.55,none
30.512,AUTO DEMO / SYNTHETIC RMS,0.018729,0.002143,0.004143,1.000,0.24311,0.23168,14,1,59.93,50.55,none
30.750,AUTO DEMO / SYNTHETIC RMS,0.018828,0.002143,0.004143,1.000,0.24476,0.24518,22,1,59.24,52.55,none
31.002,AUTO DEMO / SYNTHETIC RMS,0.017450,0.002143,0.004143,1.000,0.22179,0.24062,31,1,59.50,56.55,none
31.253,AUTO DEMO / SYNTHETIC RMS,0.015801,0.002143,0.004143,1.000,0.19431,0.22784,40,1,59.57,58.55,none
31.503,AUTO DEMO / SYNTHETIC RMS,0.014979,0.002143,0.004143,1.000,0.18059,0.21202,48,1,59.86,62.55,none
31.757,AUTO DEMO / SYNTHETIC RMS,0.016137,0.002143,0.004143,1.000,0.19989,0.20342,56,1,59.39,64.55,none
32.011,AUTO DEMO / SYNTHETIC RMS,0.018319,0.002143,0.004143,1.000,0.23626,0.22498,64,1,59.26,68.55,none
32.279,AUTO DEMO / SYNTHETIC RMS,0.018944,0.002143,0.004143,1.000,0.24668,0.24515,72,1,54.20,70.55,none
32.519,AUTO DEMO / SYNTHETIC RMS,0.017803,0.002143,0.004143,1.000,0.22766,0.24213,79,0,44.82,72.55,none
32.753,AUTO DEMO / SYNTHETIC RMS,0.016239,0.002143,0.004143,1.000,0.20161,0.23190,81,0,47.81,74.55,none
33.009,AUTO DEMO / SYNTHETIC RMS,0.015036,0.002143,0.004143,1.000,0.18155,0.21577,84,0,53.00,78.55,none
33.259,AUTO DEMO / SYNTHETIC RMS,0.015627,0.002143,0.004143,1.000,0.19139,0.20423,84,0,56.45,82.55,none
33.501,AUTO DEMO / SYNTHETIC RMS,0.017687,0.002143,0.004143,1.000,0.22574,0.21794,86,0,42.36,82.55,none
33.754,AUTO DEMO / SYNTHETIC RMS,0.019009,0.002143,0.004143,1.000,0.24777,0.24199,81,0,50.02,86.55,none
34.009,AUTO DEMO / SYNTHETIC RMS,0.066997,0.002143,0.004143,1.000,1.00000,0.36444,84,0,54.37,88.55,none
34.264,AUTO DEMO / SYNTHETIC RMS,0.070798,0.002143,0.004143,1.000,1.00000,0.95037,95,1,48.26,92.55,none
34.501,AUTO DEMO / SYNTHETIC RMS,0.076894,0.002143,0.004143,1.000,1.00000,0.99538,110,1,53.32,94.55,none
34.752,AUTO DEMO / SYNTHETIC RMS,0.082554,0.002143,0.004143,1.000,1.00000,0.99962,129,1,56.69,98.55,none
35.012,AUTO DEMO / SYNTHETIC RMS,0.085009,0.002143,0.004143,1.000,1.00000,0.99997,152,2,54.45,100.55,none
35.261,AUTO DEMO / SYNTHETIC RMS,0.082419,0.002143,0.004143,1.000,1.00000,1.00000,172,2,57.32,104.55,none
35.507,AUTO DEMO / SYNTHETIC RMS,0.076193,0.002143,0.004143,1.000,1.00000,1.00000,180,2,51.01,106.55,none
35.766,AUTO DEMO / SYNTHETIC RMS,0.069907,0.002143,0.004143,1.000,1.00000,1.00000,179,2,53.11,108.55,none
36.004,AUTO DEMO / SYNTHETIC RMS,0.067206,0.002143,0.004143,1.000,1.00000,1.00000,180,3,55.89,112.55,none
36.255,AUTO DEMO / SYNTHETIC RMS,0.068670,0.002143,0.004143,1.000,1.00000,1.00000,179,3,57.97,116.55,none
36.505,AUTO DEMO / SYNTHETIC RMS,0.074286,0.002143,0.004143,1.000,1.00000,1.00000,174,2,53.66,118.55,none
36.753,AUTO DEMO / SYNTHETIC RMS,0.080922,0.002143,0.004143,1.000,1.00000,1.00000,179,2,55.26,122.55,none
37.004,AUTO DEMO / SYNTHETIC RMS,0.084650,0.002143,0.004143,1.000,1.00000,1.00000,179,3,57.51,124.55,none
37.266,AUTO DEMO / SYNTHETIC RMS,0.083673,0.002143,0.004143,1.000,1.00000,1.00000,175,3,57.52,128.55,none
37.508,AUTO DEMO / SYNTHETIC RMS,0.078949,0.002143,0.004143,1.000,1.00000,1.00000,179,2,57.91,130.55,none
37.759,AUTO DEMO / SYNTHETIC RMS,0.072175,0.002143,0.004143,1.000,1.00000,1.00000,178,2,58.84,134.55,none
38.007,AUTO DEMO / SYNTHETIC RMS,0.067546,0.002143,0.004143,1.000,1.00000,1.00000,180,3,53.25,136.55,none
38.260,AUTO DEMO / SYNTHETIC RMS,0.067730,0.002143,0.004143,1.000,1.00000,1.00000,180,2,56.44,140.55,none
38.513,AUTO DEMO / SYNTHETIC RMS,0.072159,0.002143,0.004143,1.000,1.00000,1.00000,179,2,57.85,144.55,none
38.764,AUTO DEMO / SYNTHETIC RMS,0.078592,0.002143,0.004143,1.000,1.00000,1.00000,178,2,58.98,146.55,none
39.017,AUTO DEMO / SYNTHETIC RMS,0.083998,0.002143,0.004143,1.000,1.00000,1.00000,176,3,58.94,150.55,none
39.261,AUTO DEMO / SYNTHETIC RMS,0.084828,0.002143,0.004143,1.000,1.00000,1.00000,179,2,56.40,152.55,none
39.511,AUTO DEMO / SYNTHETIC RMS,0.080855,0.002143,0.004143,1.000,1.00000,1.00000,178,2,58.21,156.55,none
39.753,AUTO DEMO / SYNTHETIC RMS,0.074840,0.002143,0.004143,1.000,1.00000,1.00000,172,2,58.29,158.55,none
40.004,AUTO DEMO / SYNTHETIC RMS,0.002105,0.002143,0.004143,1.000,0.00000,0.96872,170,3,59.05,162.55,none
40.253,AUTO DEMO / SYNTHETIC RMS,0.001859,0.002143,0.004143,1.000,0.00000,0.61604,175,2,59.68,166.55,none
40.504,AUTO DEMO / SYNTHETIC RMS,0.002013,0.002143,0.004143,1.000,0.00000,0.39025,171,2,59.73,168.55,none
40.753,AUTO DEMO / SYNTHETIC RMS,0.002131,0.002143,0.004143,1.000,0.00000,0.24797,171,2,59.94,172.55,none
41.005,AUTO DEMO / SYNTHETIC RMS,0.001878,0.002143,0.004143,1.000,0.00000,0.15705,163,2,59.82,176.55,none
41.255,AUTO DEMO / SYNTHETIC RMS,0.001971,0.002143,0.004143,1.000,0.00000,0.09967,146,1,59.86,178.55,none
41.505,AUTO DEMO / SYNTHETIC RMS,0.002146,0.002143,0.004143,1.000,0.00000,0.06318,139,1,59.80,182.55,none
41.756,AUTO DEMO / SYNTHETIC RMS,0.001906,0.002143,0.004143,1.000,0.00000,0.04003,129,1,59.77,184.55,none
42.007,AUTO DEMO / SYNTHETIC RMS,0.001934,0.002143,0.004143,1.000,0.00000,0.02538,113,1,59.78,188.55,none
42.257,AUTO DEMO / SYNTHETIC RMS,0.002150,0.002143,0.004143,1.000,0.00000,0.01612,93,0,59.89,192.55,none
42.507,AUTO DEMO / SYNTHETIC RMS,0.001942,0.002143,0.004143,1.000,0.00000,0.01023,78,0,59.92,194.55,none
42.757,AUTO DEMO / SYNTHETIC RMS,0.001899,0.002143,0.004143,1.000,0.00000,0.00649,65,0,59.97,198.55,none
43.091,AUTO DEMO / SYNTHETIC RMS,0.002140,0.002143,0.004143,1.000,0.00000,0.00354,42,0,44.05,200.55,none
43.272,AUTO DEMO / SYNTHETIC RMS,0.001965,0.002143,0.004143,1.000,0.00000,0.00255,33,0,39.14,202.55,none
43.511,AUTO DEMO / SYNTHETIC RMS,0.001875,0.002143,0.004143,1.000,0.00000,0.00165,23,0,40.17,204.55,none
43.765,AUTO DEMO / SYNTHETIC RMS,0.002129,0.002143,0.004143,1.000,0.00000,0.00104,13,0,42.71,206.55,none
44.002,AUTO DEMO / SYNTHETIC RMS,0.002031,0.002143,0.004143,1.000,0.00000,0.00000,8,0,47.66,208.55,none
44.254,AUTO DEMO / SYNTHETIC RMS,0.001854,0.002143,0.004143,1.000,0.00000,0.00000,4,0,44.55,210.55,none
44.506,AUTO DEMO / SYNTHETIC RMS,0.002095,0.002143,0.004143,1.000,0.00000,0.00000,2,0,51.48,214.55,none
44.765,AUTO DEMO / SYNTHETIC RMS,0.002056,0.002143,0.004143,1.000,0.00000,0.00000,1,0,54.76,216.55,none
45.014,AUTO DEMO / SYNTHETIC RMS,0.001850,0.002143,0.004143,1.000,0.00000,0.00000,0,0,57.58,220.55,none
45.264,AUTO DEMO / SYNTHETIC RMS,0.002068,0.002143,0.004143,1.000,0.00000,0.00000,0,0,58.87,222.55,none
45.515,AUTO DEMO / SYNTHETIC RMS,0.002093,0.002143,0.004143,1.000,0.00000,0.00000,0,0,59.42,226.55,none
45.766,AUTO DEMO / SYNTHETIC RMS,0.001854,0.002143,0.004143,1.000,0.00000,0.00000,0,0,59.57,228.55,none
46.016,AUTO DEMO / SYNTHETIC RMS,0.002029,0.002143,0.004143,1.000,0.00000,0.00000,0,0,59.69,232.55,none
46.253,AUTO DEMO / SYNTHETIC RMS,0.002130,0.002143,0.004143,1.000,0.00000,0.00000,0,0,59.39,234.55,none
46.503,AUTO DEMO / SYNTHETIC RMS,0.001878,0.002143,0.004143,1.000,0.00000,0.00000,0,0,59.79,238.55,none
46.755,AUTO DEMO / SYNTHETIC RMS,0.001974,0.002143,0.004143,1.000,0.00000,0.00000,0,0,59.71,240.55,none
47.005,AUTO DEMO / SYNTHETIC RMS,0.002145,0.002143,0.004143,1.000,0.00000,0.00000,0,0,59.84,246.55,none
47.255,AUTO DEMO / SYNTHETIC RMS,0.001905,0.002143,0.004143,1.000,0.00000,0.00000,0,0,59.86,248.55,none
47.523,AUTO DEMO / SYNTHETIC RMS,0.001954,0.002143,0.004143,1.000,0.00000,0.00000,0,0,45.71,250.55,none
47.754,AUTO DEMO / SYNTHETIC RMS,0.002150,0.002143,0.004143,1.000,0.00000,0.00000,0,0,48.96,30.50,none
48.004,AUTO DEMO / SYNTHETIC RMS,0.002005,0.002143,0.004143,1.000,0.00000,0.00000,0,0,52.42,32.50,none
48.258,AUTO DEMO / SYNTHETIC RMS,0.002132,0.002143,0.004143,1.000,0.00000,0.00000,0,0,55.81,36.50,none
48.510,AUTO DEMO / SYNTHETIC RMS,0.001879,0.002143,0.004143,1.000,0.00000,0.00000,0,0,57.76,38.50,none
48.758,AUTO DEMO / SYNTHETIC RMS,0.001968,0.002143,0.004143,1.000,0.00000,0.00000,0,0,59.13,42.50,none
49.007,AUTO DEMO / SYNTHETIC RMS,0.002147,0.002143,0.004143,1.000,0.00000,0.00000,0,0,57.93,44.50,none
49.265,AUTO DEMO / SYNTHETIC RMS,0.001904,0.002143,0.004143,1.000,0.00000,0.00000,0,0,58.07,48.50,none
49.516,AUTO DEMO / SYNTHETIC RMS,0.001936,0.002143,0.004143,1.000,0.00000,0.00000,0,0,58.94,50.50,none
49.765,AUTO DEMO / SYNTHETIC RMS,0.002150,0.002143,0.004143,1.000,0.00000,0.00000,0,0,59.59,54.50,none
50.016,AUTO DEMO / SYNTHETIC RMS,0.001938,0.002143,0.004143,1.000,0.00000,0.00000,0,0,57.13,56.50,none
50.266,AUTO DEMO / SYNTHETIC RMS,0.001901,0.002143,0.004143,1.000,0.00000,0.00000,0,0,58.61,60.51,none
50.516,AUTO DEMO / SYNTHETIC RMS,0.002144,0.002143,0.004143,1.000,0.00000,0.00000,0,0,59.43,62.50,none
50.756,AUTO DEMO / SYNTHETIC RMS,0.001992,0.002143,0.004143,1.000,0.00000,0.00000,0,0,58.75,66.50,none
51.004,AUTO DEMO / SYNTHETIC RMS,0.001866,0.002144,0.004144,1.000,0.00000,0.00000,0,0,59.61,68.51,none
51.255,AUTO DEMO / SYNTHETIC RMS,0.002118,0.002144,0.004144,1.000,0.00000,0.00000,0,0,59.76,72.50,none
51.506,AUTO DEMO / SYNTHETIC RMS,0.002034,0.002144,0.004144,1.000,0.00000,0.00000,0,0,59.76,74.50,none
51.756,AUTO DEMO / SYNTHETIC RMS,0.001853,0.002144,0.004144,1.000,0.00000,0.00000,0,0,54.42,76.50,none
52.019,AUTO DEMO / SYNTHETIC RMS,0.002100,0.002144,0.004144,1.000,0.00000,0.00000,0,0,55.64,80.51,none
52.255,AUTO DEMO / SYNTHETIC RMS,0.002074,0.002144,0.004144,1.000,0.00000,0.00000,0,0,55.58,82.50,none
52.506,AUTO DEMO / SYNTHETIC RMS,0.001851,0.002144,0.004144,1.000,0.00000,0.00000,0,0,57.84,86.50,none
52.757,AUTO DEMO / SYNTHETIC RMS,0.002052,0.002144,0.004144,1.000,0.00000,0.00000,0,0,58.79,88.51,none
53.007,AUTO DEMO / SYNTHETIC RMS,0.002106,0.002144,0.004144,1.000,0.00000,0.00000,0,0,59.36,92.51,none
53.257,AUTO DEMO / SYNTHETIC RMS,0.001859,0.002144,0.004144,1.000,0.00000,0.00000,0,0,59.63,94.50,none
53.501,AUTO DEMO / SYNTHETIC RMS,0.002004,0.002144,0.004144,1.000,0.00000,0.00000,0,0,56.18,98.50,none
53.750,AUTO DEMO / SYNTHETIC RMS,0.002135,0.002144,0.004144,1.000,0.00000,0.00000,0,0,58.26,100.51,none
54.001,AUTO DEMO / SYNTHETIC RMS,0.015077,0.002144,0.004144,1.000,0.18223,0.02842,0,0,59.07,104.50,none
54.251,AUTO DEMO / SYNTHETIC RMS,0.016702,0.002144,0.004144,1.000,0.20930,0.18575,6,1,59.67,106.50,none
54.507,AUTO DEMO / SYNTHETIC RMS,0.018706,0.002144,0.004144,1.000,0.24271,0.23121,14,1,58.94,110.50,none
54.757,AUTO DEMO / SYNTHETIC RMS,0.018806,0.002144,0.004144,1.000,0.24438,0.24516,23,1,59.51,112.50,none
55.007,AUTO DEMO / SYNTHETIC RMS,0.017416,0.002144,0.004144,1.000,0.22121,0.24042,32,1,59.70,116.50,none
55.256,AUTO DEMO / SYNTHETIC RMS,0.015788,0.002144,0.004144,1.000,0.19407,0.22769,40,1,60.07,118.50,none
55.512,AUTO DEMO / SYNTHETIC RMS,0.014982,0.002144,0.004144,1.000,0.18064,0.21147,49,1,59.32,122.50,none
55.762,AUTO DEMO / SYNTHETIC RMS,0.016179,0.002144,0.004144,1.000,0.20060,0.20338,57,1,59.75,124.50,none
56.003,AUTO DEMO / SYNTHETIC RMS,0.018261,0.002144,0.004144,1.000,0.23529,0.22403,64,1,57.12,128.50,none
56.262,AUTO DEMO / SYNTHETIC RMS,0.018977,0.002144,0.004144,1.000,0.24723,0.24498,73,1,57.41,130.50,none
56.511,AUTO DEMO / SYNTHETIC RMS,0.017855,0.002144,0.004144,1.000,0.22853,0.24268,79,0,58.96,134.50,none
56.761,AUTO DEMO / SYNTHETIC RMS,0.016188,0.002144,0.004144,1.000,0.20073,0.23170,81,0,59.49,136.51,none
57.013,AUTO DEMO / SYNTHETIC RMS,0.015028,0.002144,0.004144,1.000,0.18140,0.21567,83,0,59.53,140.51,none
57.265,AUTO DEMO / SYNTHETIC RMS,0.015660,0.002144,0.004144,1.000,0.19195,0.20422,83,0,59.59,144.50,none
57.517,AUTO DEMO / SYNTHETIC RMS,0.017824,0.002144,0.004144,1.000,0.22800,0.21703,83,0,59.37,146.50,none
57.750,AUTO DEMO / SYNTHETIC RMS,0.019005,0.002144,0.004144,1.000,0.24769,0.24148,80,0,59.68,150.50,none
58.001,AUTO DEMO / SYNTHETIC RMS,0.066961,0.002144,0.004144,1.000,1.00000,0.35944,83,0,59.76,152.50,none
58.252,AUTO DEMO / SYNTHETIC RMS,0.070523,0.002144,0.004144,1.000,1.00000,0.94792,97,1,59.79,156.50,none
58.502,AUTO DEMO / SYNTHETIC RMS,0.076916,0.002144,0.004144,1.000,1.00000,0.99574,118,1,59.90,158.50,none
58.751,AUTO DEMO / SYNTHETIC RMS,0.082551,0.002144,0.004144,1.000,1.00000,0.99965,134,1,60.07,162.50,none
59.007,AUTO DEMO / SYNTHETIC RMS,0.085008,0.002144,0.004144,1.000,1.00000,0.99997,154,2,59.43,166.50,none
59.256,AUTO DEMO / SYNTHETIC RMS,0.082511,0.002144,0.004144,1.000,1.00000,1.00000,169,2,59.73,168.51,none
59.506,AUTO DEMO / SYNTHETIC RMS,0.076225,0.002144,0.004144,1.000,1.00000,1.00000,179,2,59.89,172.50,none
59.756,AUTO DEMO / SYNTHETIC RMS,0.070106,0.002144,0.004144,1.000,1.00000,1.00000,180,2,60.05,174.50,none
60.006,AUTO DEMO / SYNTHETIC RMS,0.067201,0.002144,0.004144,1.000,1.00000,1.00000,180,3,60.04,178.50,none
60.257,AUTO DEMO / SYNTHETIC RMS,0.068698,0.002144,0.004144,1.000,1.00000,1.00000,180,3,59.96,182.50,none
60.506,AUTO DEMO / SYNTHETIC RMS,0.074322,0.002144,0.004144,1.000,1.00000,1.00000,179,2,60.00,184.50,none
60.757,AUTO DEMO / SYNTHETIC RMS,0.081015,0.002144,0.004144,1.000,1.00000,1.00000,174,2,59.93,188.50,none
61.007,AUTO DEMO / SYNTHETIC RMS,0.084666,0.002144,0.004144,1.000,1.00000,1.00000,172,3,59.91,192.50,none
61.256,AUTO DEMO / SYNTHETIC RMS,0.083799,0.002144,0.004144,1.000,1.00000,1.00000,178,3,60.02,194.50,none
61.501,AUTO DEMO / SYNTHETIC RMS,0.079116,0.002144,0.004144,1.000,1.00000,1.00000,173,2,56.33,198.50,none
61.751,AUTO DEMO / SYNTHETIC RMS,0.072385,0.002144,0.004144,1.000,1.00000,1.00000,180,2,58.30,200.51,none
62.001,AUTO DEMO / SYNTHETIC RMS,0.067606,0.002144,0.004144,1.000,1.00000,1.00000,176,3,59.21,204.51,none
62.263,AUTO DEMO / SYNTHETIC RMS,0.067757,0.002144,0.004144,1.000,1.00000,1.00000,178,2,43.18,206.50,none
62.503,AUTO DEMO / SYNTHETIC RMS,0.071936,0.002144,0.004144,1.000,1.00000,1.00000,178,2,46.87,208.50,none
62.757,AUTO DEMO / SYNTHETIC RMS,0.078418,0.002144,0.004144,1.000,1.00000,1.00000,179,2,52.74,212.50,none
63.007,AUTO DEMO / SYNTHETIC RMS,0.083851,0.002144,0.004144,1.000,1.00000,1.00000,180,3,56.37,214.50,none
63.257,AUTO DEMO / SYNTHETIC RMS,0.084852,0.002144,0.004144,1.000,1.00000,1.00000,176,2,58.24,218.50,none
63.507,AUTO DEMO / SYNTHETIC RMS,0.080946,0.002144,0.004144,1.000,1.00000,1.00000,176,2,59.18,222.50,none
63.758,AUTO DEMO / SYNTHETIC RMS,0.074714,0.002144,0.004144,1.000,1.00000,1.00000,178,2,59.54,224.51,none
64.008,AUTO DEMO / SYNTHETIC RMS,0.002101,0.002144,0.004144,1.000,0.00000,0.97111,177,3,59.79,228.50,none
64.257,AUTO DEMO / SYNTHETIC RMS,0.001857,0.002144,0.004144,1.000,0.00000,0.61720,175,2,60.00,232.50,none
64.508,AUTO DEMO / SYNTHETIC RMS,0.002017,0.002144,0.004144,1.000,0.00000,0.39161,176,2,59.99,234.50,none
64.759,AUTO DEMO / SYNTHETIC RMS,0.002128,0.002144,0.004144,1.000,0.00000,0.24791,174,2,51.53,236.51,none
65.011,AUTO DEMO / SYNTHETIC RMS,0.001874,0.002144,0.004144,1.000,0.00000,0.15691,163,2,55.61,240.50,none
65.250,AUTO DEMO / SYNTHETIC RMS,0.001966,0.002144,0.004144,1.000,0.00000,0.10147,153,1,56.87,244.51,none
65.502,AUTO DEMO / SYNTHETIC RMS,0.002147,0.002144,0.004144,1.000,0.00000,0.06426,150,1,58.35,246.50,none
65.752,AUTO DEMO / SYNTHETIC RMS,0.001910,0.002144,0.004144,1.000,0.00000,0.04077,129,1,59.15,250.50,none
66.003,AUTO DEMO / SYNTHETIC RMS,0.001930,0.002144,0.004144,1.000,0.00000,0.02580,111,1,59.37,28.77,none
66.253,AUTO DEMO / SYNTHETIC RMS,0.002150,0.002144,0.004144,1.000,0.00000,0.01639,90,0,59.75,32.50,none
66.504,AUTO DEMO / SYNTHETIC RMS,0.001945,0.002144,0.004144,1.000,0.00000,0.01039,73,0,59.83,36.50,none
66.754,AUTO DEMO / SYNTHETIC RMS,0.001896,0.002144,0.004144,1.000,0.00000,0.00660,59,0,59.92,38.50,none
67.013,AUTO DEMO / SYNTHETIC RMS,0.002145,0.002144,0.004144,1.000,0.00000,0.00412,37,0,55.24,42.50,none
67.263,AUTO DEMO / SYNTHETIC RMS,0.001975,0.002144,0.004144,1.000,0.00000,0.00261,29,0,57.61,44.50,none
67.515,AUTO DEMO / SYNTHETIC RMS,0.001877,0.002144,0.004144,1.000,0.00000,0.00165,19,0,58.54,48.50,none
67.766,AUTO DEMO / SYNTHETIC RMS,0.002130,0.002144,0.004144,1.000,0.00000,0.00105,13,0,59.15,50.50,none
68.015,AUTO DEMO / SYNTHETIC RMS,0.002015,0.002144,0.004144,1.000,0.00000,0.00000,10,0,59.78,54.50,none
68.267,AUTO DEMO / SYNTHETIC RMS,0.001859,0.002144,0.004144,1.000,0.00000,0.00000,4,0,59.72,56.50,none
68.511,AUTO DEMO / SYNTHETIC RMS,0.002100,0.002144,0.004144,1.000,0.00000,0.00000,1,0,58.43,60.50,none
68.761,AUTO DEMO / SYNTHETIC RMS,0.002061,0.002144,0.004144,1.000,0.00000,0.00000,0,0,59.34,62.50,none
69.016,AUTO DEMO / SYNTHETIC RMS,0.001850,0.002144,0.004144,1.000,0.00000,0.00000,0,0,56.42,64.50,none
69.266,AUTO DEMO / SYNTHETIC RMS,0.002069,0.002144,0.004144,1.000,0.00000,0.00000,0,0,51.94,68.50,none
69.514,AUTO DEMO / SYNTHETIC RMS,0.002093,0.002144,0.004144,1.000,0.00000,0.00000,0,0,49.78,70.50,none
69.764,AUTO DEMO / SYNTHETIC RMS,0.001854,0.002144,0.004144,1.000,0.00000,0.00000,0,0,54.76,72.50,none
70.015,AUTO DEMO / SYNTHETIC RMS,0.002029,0.002144,0.004144,1.000,0.00000,0.00000,0,0,57.30,76.50,none
70.251,AUTO DEMO / SYNTHETIC RMS,0.002131,0.002144,0.004144,1.000,0.00000,0.00000,0,0,58.37,78.50,none
70.501,AUTO DEMO / SYNTHETIC RMS,0.001879,0.002144,0.004144,1.000,0.00000,0.00000,0,0,59.23,82.50,none
70.752,AUTO DEMO / SYNTHETIC RMS,0.001970,0.002144,0.004144,1.000,0.00000,0.00000,0,0,59.63,84.50,none
71.002,AUTO DEMO / SYNTHETIC RMS,0.002146,0.002144,0.004144,1.000,0.00000,0.00000,0,0,59.84,88.50,none
71.251,AUTO DEMO / SYNTHETIC RMS,0.001908,0.002144,0.004144,1.000,0.00000,0.00000,0,0,59.98,90.50,none
71.502,AUTO DEMO / SYNTHETIC RMS,0.001930,0.002144,0.004144,1.000,0.00000,0.00000,0,0,59.96,94.50,none
71.765,AUTO DEMO / SYNTHETIC RMS,0.002150,0.002144,0.004144,1.000,0.00000,0.00000,0,0,58.70,96.50,none
72.015,AUTO DEMO / SYNTHETIC RMS,0.002018,0.002144,0.004144,1.000,0.00000,0.00000,0,0,59.41,100.50,none
72.264,AUTO DEMO / SYNTHETIC RMS,0.002128,0.002144,0.004144,1.000,0.00000,0.00000,0,0,59.77,102.50,none
72.515,AUTO DEMO / SYNTHETIC RMS,0.001875,0.002144,0.004144,1.000,0.00000,0.00000,0,0,59.81,106.50,none
72.763,AUTO DEMO / SYNTHETIC RMS,0.001974,0.002144,0.004144,1.000,0.00000,0.00000,0,0,60.18,110.50,none
73.016,AUTO DEMO / SYNTHETIC RMS,0.002145,0.002144,0.004144,1.000,0.00000,0.00000,0,0,59.83,112.50,none
73.265,AUTO DEMO / SYNTHETIC RMS,0.001904,0.002144,0.004144,1.000,0.00000,0.00000,0,0,60.04,116.50,none
73.514,AUTO DEMO / SYNTHETIC RMS,0.001935,0.002144,0.004144,1.000,0.00000,0.00000,0,0,60.05,118.50,none
73.765,AUTO DEMO / SYNTHETIC RMS,0.002150,0.002144,0.004144,1.000,0.00000,0.00000,0,0,59.89,122.50,none
74.015,AUTO DEMO / SYNTHETIC RMS,0.001939,0.002144,0.004144,1.000,0.00000,0.00000,0,0,59.92,124.50,none
74.251,AUTO DEMO / SYNTHETIC RMS,0.001888,0.002144,0.004144,1.000,0.00000,0.00000,0,0,59.59,128.50,none
74.516,AUTO DEMO / SYNTHETIC RMS,0.002144,0.002144,0.004144,1.000,0.00000,0.00000,0,0,60.01,130.50,none
74.767,AUTO DEMO / SYNTHETIC RMS,0.001978,0.002144,0.004144,1.000,0.00000,0.00000,0,0,59.88,134.50,none
75.000,AUTO DEMO / SYNTHETIC RMS,0.001864,0.002144,0.004144,1.000,0.00000,0.00000,0,0,59.97,136.50,none
75.251,AUTO DEMO / SYNTHETIC RMS,0.002115,0.002144,0.004144,1.000,0.00000,0.00000,0,0,59.90,140.50,none
75.501,AUTO DEMO / SYNTHETIC RMS,0.002039,0.002144,0.004144,1.000,0.00000,0.00000,0,0,59.90,142.50,none
75.750,AUTO DEMO / SYNTHETIC RMS,0.001852,0.002144,0.004144,1.000,0.00000,0.00000,0,0,56.81,146.50,none
76.000,AUTO DEMO / SYNTHETIC RMS,0.002083,0.002144,0.004144,1.000,0.00000,0.00000,0,0,58.55,148.50,none
76.267,AUTO DEMO / SYNTHETIC RMS,0.002061,0.002144,0.004144,1.000,0.00000,0.00000,0,0,59.31,152.50,none
76.501,AUTO DEMO / SYNTHETIC RMS,0.001851,0.002144,0.004144,1.000,0.00000,0.00000,0,0,59.63,154.50,none
76.755,AUTO DEMO / SYNTHETIC RMS,0.002050,0.002144,0.004144,1.000,0.00000,0.00000,0,0,53.78,156.50,none
77.003,AUTO DEMO / SYNTHETIC RMS,0.002110,0.002144,0.004144,1.000,0.00000,0.00000,0,0,49.39,160.50,none
77.261,AUTO DEMO / SYNTHETIC RMS,0.001858,0.002144,0.004144,1.000,0.00000,0.00000,0,0,49.95,162.50,none
77.503,AUTO DEMO / SYNTHETIC RMS,0.002007,0.002144,0.004144,1.000,0.00000,0.00000,0,0,49.01,164.50,none
77.755,AUTO DEMO / SYNTHETIC RMS,0.002132,0.002144,0.004144,1.000,0.00000,0.00000,0,0,54.08,168.50,none
78.015,AUTO DEMO / SYNTHETIC RMS,0.015116,0.002144,0.004144,1.000,0.18287,0.03941,0,0,48.30,170.50,none
78.258,AUTO DEMO / SYNTHETIC RMS,0.016773,0.002144,0.004144,1.000,0.21048,0.18695,6,1,52.80,172.50,none
78.513,AUTO DEMO / SYNTHETIC RMS,0.018734,0.002144,0.004144,1.000,0.24318,0.23194,14,1,54.20,174.50,none
78.766,AUTO DEMO / SYNTHETIC RMS,0.018774,0.002144,0.004144,1.000,0.24383,0.24515,23,1,56.94,178.50,none
79.012,AUTO DEMO / SYNTHETIC RMS,0.017379,0.002144,0.004144,1.000,0.22058,0.24017,32,1,54.73,180.50,none
79.263,AUTO DEMO / SYNTHETIC RMS,0.015748,0.002144,0.004144,1.000,0.19340,0.22721,40,1,57.44,184.50,none
79.513,AUTO DEMO / SYNTHETIC RMS,0.014983,0.002144,0.004144,1.000,0.18065,0.21137,49,1,58.68,186.50,none
79.754,AUTO DEMO / SYNTHETIC RMS,0.016118,0.002144,0.004144,1.000,0.19956,0.20341,56,1,58.36,190.50,none
80.008,AUTO DEMO / SYNTHETIC RMS,0.018298,0.002144,0.004144,1.000,0.23590,0.22462,64,1,58.64,192.50,none
80.260,AUTO DEMO / SYNTHETIC RMS,0.018982,0.002144,0.004144,1.000,0.24730,0.24491,71,1,59.22,196.50,none
80.509,AUTO DEMO / SYNTHETIC RMS,0.017866,0.002144,0.004144,1.000,0.22869,0.24271,76,0,59.72,200.50,none
80.760,AUTO DEMO / SYNTHETIC RMS,0.016195,0.002144,0.004144,1.000,0.20084,0.23175,82,0,59.75,202.50,none
81.010,AUTO DEMO / SYNTHETIC RMS,0.015034,0.002144,0.004144,1.000,0.18150,0.21587,83,0,59.83,206.50,none
81.259,AUTO DEMO / SYNTHETIC RMS,0.015627,0.002144,0.004144,1.000,0.19139,0.20432,82,0,59.97,208.50,none
81.509,AUTO DEMO / SYNTHETIC RMS,0.017759,0.002144,0.004144,1.000,0.22691,0.21606,79,0,60.01,212.50,none
81.750,AUTO DEMO / SYNTHETIC RMS,0.019005,0.002144,0.004144,1.000,0.24768,0.24155,82,0,57.29,214.50,none
82.001,AUTO DEMO / SYNTHETIC RMS,0.066964,0.002144,0.004144,1.000,1.00000,0.36341,87,0,58.61,218.50,none
82.255,AUTO DEMO / SYNTHETIC RMS,0.070593,0.002144,0.004144,1.000,1.00000,0.94952,100,1,58.94,220.50,none
82.504,AUTO DEMO / SYNTHETIC RMS,0.076972,0.002144,0.004144,1.000,1.00000,0.99583,116,1,59.54,224.50,none
82.754,AUTO DEMO / SYNTHETIC RMS,0.082601,0.002144,0.004144,1.000,1.00000,0.99966,137,1,59.76,226.50,none
83.004,AUTO DEMO / SYNTHETIC RMS,0.085007,0.002144,0.004144,1.000,1.00000,0.99997,157,2,59.84,230.50,none
83.257,AUTO DEMO / SYNTHETIC RMS,0.082488,0.002144,0.004144,1.000,1.00000,1.00000,176,2,59.36,234.50,none
83.507,AUTO DEMO / SYNTHETIC RMS,0.076195,0.002144,0.004144,1.000,1.00000,1.00000,179,2,59.72,236.50,none
83.757,AUTO DEMO / SYNTHETIC RMS,0.070075,0.002144,0.004144,1.000,1.00000,1.00000,180,2,59.89,240.50,none
84.007,AUTO DEMO / SYNTHETIC RMS,0.067196,0.002144,0.004144,1.000,1.00000,1.00000,180,3,59.94,244.50,none
84.258,AUTO DEMO / SYNTHETIC RMS,0.068715,0.002144,0.004144,1.000,1.00000,1.00000,180,3,59.92,246.50,none
84.508,AUTO DEMO / SYNTHETIC RMS,0.074368,0.002144,0.004144,1.000,1.00000,1.00000,178,2,59.88,250.50,none
84.758,AUTO DEMO / SYNTHETIC RMS,0.081042,0.002144,0.004144,1.000,1.00000,1.00000,178,2,59.92,28.51,none
85.008,AUTO DEMO / SYNTHETIC RMS,0.084676,0.002144,0.004144,1.000,1.00000,1.00000,177,3,59.82,32.52,none
85.257,AUTO DEMO / SYNTHETIC RMS,0.083786,0.002144,0.004144,1.000,1.00000,1.00000,178,3,60.07,36.51,none
85.507,AUTO DEMO / SYNTHETIC RMS,0.078969,0.002144,0.004144,1.000,1.00000,1.00000,176,2,60.14,38.51,none
85.759,AUTO DEMO / SYNTHETIC RMS,0.072175,0.002144,0.004144,1.000,1.00000,1.00000,177,2,59.80,42.51,none
86.009,AUTO DEMO / SYNTHETIC RMS,0.067526,0.002144,0.004144,1.000,1.00000,1.00000,178,3,59.84,46.51,none
86.259,AUTO DEMO / SYNTHETIC RMS,0.067722,0.002144,0.004144,1.000,1.00000,1.00000,178,2,59.85,48.51,none
86.507,AUTO DEMO / SYNTHETIC RMS,0.072030,0.002144,0.004144,1.000,1.00000,1.00000,176,2,60.22,52.52,none
86.758,AUTO DEMO / SYNTHETIC RMS,0.078460,0.002144,0.004144,1.000,1.00000,1.00000,178,2,60.00,56.51,none
87.011,AUTO DEMO / SYNTHETIC RMS,0.083906,0.002144,0.004144,1.000,1.00000,1.00000,179,3,59.73,58.51,none
87.260,AUTO DEMO / SYNTHETIC RMS,0.084830,0.002144,0.004144,1.000,1.00000,1.00000,177,2,59.88,62.51,none
87.510,AUTO DEMO / SYNTHETIC RMS,0.080880,0.002144,0.004144,1.000,1.00000,1.00000,179,2,59.96,64.51,none
87.761,AUTO DEMO / SYNTHETIC RMS,0.074641,0.002144,0.004144,1.000,1.00000,1.00000,176,3,59.89,68.51,none
88.011,AUTO DEMO / SYNTHETIC RMS,0.002098,0.002144,0.004144,1.000,0.00000,0.96684,175,3,59.83,72.51,none
88.259,AUTO DEMO / SYNTHETIC RMS,0.001857,0.002144,0.004144,1.000,0.00000,0.61549,173,2,60.11,74.51,none
88.510,AUTO DEMO / SYNTHETIC RMS,0.002020,0.002144,0.004144,1.000,0.00000,0.39017,162,2,60.00,78.51,none
88.761,AUTO DEMO / SYNTHETIC RMS,0.002126,0.002144,0.004144,1.000,0.00000,0.24730,160,2,59.86,82.51,none
89.010,AUTO DEMO / SYNTHETIC RMS,0.001874,0.002144,0.004144,1.000,0.00000,0.15717,154,2,59.98,84.51,none
89.266,AUTO DEMO / SYNTHETIC RMS,0.001985,0.002144,0.004144,1.000,0.00000,0.09875,138,1,59.23,88.51,none
89.500,AUTO DEMO / SYNTHETIC RMS,0.002147,0.002144,0.004144,1.000,0.00000,0.06445,131,1,59.42,90.51,none
89.750,AUTO DEMO / SYNTHETIC RMS,0.001911,0.002144,0.004144,1.000,0.00000,0.04092,117,1,57.76,94.51,none
90.008,AUTO DEMO / SYNTHETIC RMS,0.001935,0.002144,0.004144,1.000,0.00000,0.02562,107,1,54.97,96.51,none
90.259,AUTO DEMO / SYNTHETIC RMS,0.002150,0.002144,0.004144,1.000,0.00000,0.01623,91,0,57.51,100.51,none
90.501,AUTO DEMO / SYNTHETIC RMS,0.001948,0.002144,0.004144,1.000,0.00000,0.01044,78,0,57.74,102.51,none
90.750,AUTO DEMO / SYNTHETIC RMS,0.001893,0.002144,0.004144,1.000,0.00000,0.00664,58,0,59.02,106.51,none
91.006,AUTO DEMO / SYNTHETIC RMS,0.002142,0.002144,0.004144,1.000,0.00000,0.00417,41,0,58.62,108.51,none
91.260,AUTO DEMO / SYNTHETIC RMS,0.001979,0.002144,0.004144,1.000,0.00000,0.00263,30,0,58.97,112.51,none
91.510,AUTO DEMO / SYNTHETIC RMS,0.001874,0.002144,0.004144,1.000,0.00000,0.00167,20,0,59.57,116.51,none
91.823,AUTO DEMO / SYNTHETIC RMS,0.002150,0.002144,0.004144,1.000,0.00000,0.00000,11,0,50.45,118.51,none
92.012,AUTO DEMO / SYNTHETIC RMS,0.002019,0.002144,0.004144,1.000,0.00000,0.00000,8,0,51.57,120.52,none
92.256,AUTO DEMO / SYNTHETIC RMS,0.001855,0.002144,0.004144,1.000,0.00000,0.00000,5,0,54.48,122.51,none
92.524,AUTO DEMO / SYNTHETIC RMS,0.002110,0.002144,0.004144,1.000,0.00000,0.00000,3,0,52.26,126.51,none
92.753,AUTO DEMO / SYNTHETIC RMS,0.002069,0.002144,0.004144,1.000,0.00000,0.00000,2,0,54.47,128.51,none
93.019,AUTO DEMO / SYNTHETIC RMS,0.001850,0.002144,0.004144,1.000,0.00000,0.00000,1,0,45.16,130.51,none
93.279,AUTO DEMO / SYNTHETIC RMS,0.002083,0.002144,0.004144,1.000,0.00000,0.00000,0,0,40.15,132.51,none
93.504,AUTO DEMO / SYNTHETIC RMS,0.002102,0.002144,0.004144,1.000,0.00000,0.00000,0,0,32.68,134.51,none
93.766,AUTO DEMO / SYNTHETIC RMS,0.001854,0.002144,0.004144,1.000,0.00000,0.00000,0,0,39.71,136.51,none
94.011,AUTO DEMO / SYNTHETIC RMS,0.002024,0.002144,0.004144,1.000,0.00000,0.00000,0,0,45.23,138.51,none
94.265,AUTO DEMO / SYNTHETIC RMS,0.002122,0.002144,0.004144,1.000,0.00000,0.00000,0,0,51.81,142.51,none
94.515,AUTO DEMO / SYNTHETIC RMS,0.001870,0.002144,0.004144,1.000,0.00000,0.00000,0,0,55.80,144.51,none
94.758,AUTO DEMO / SYNTHETIC RMS,0.001978,0.002144,0.004144,1.000,0.00000,0.00000,0,0,55.22,146.51,none
95.004,AUTO DEMO / SYNTHETIC RMS,0.002145,0.002144,0.004144,1.000,0.00000,0.00000,0,0,55.95,150.51,none
95.264,AUTO DEMO / SYNTHETIC RMS,0.001896,0.002144,0.004144,1.000,0.00000,0.00000,0,0,56.85,152.51,none
95.513,AUTO DEMO / SYNTHETIC RMS,0.001943,0.002144,0.004144,1.000,0.00000,0.00000,0,0,56.29,156.51,none
95.763,AUTO DEMO / SYNTHETIC RMS,0.002150,0.002144,0.004144,1.000,0.00000,0.00000,0,0,58.26,158.51,none
96.014,AUTO DEMO / SYNTHETIC RMS,0.002017,0.002144,0.004144,1.000,0.00000,0.00000,0,0,59.03,162.51,none
96.264,AUTO DEMO / SYNTHETIC RMS,0.002128,0.002144,0.004144,1.000,0.00000,0.00000,0,0,59.41,164.52,none
96.515,AUTO DEMO / SYNTHETIC RMS,0.001876,0.002144,0.004144,1.000,0.00000,0.00000,0,0,59.68,168.51,none
96.765,AUTO DEMO / SYNTHETIC RMS,0.001976,0.002144,0.004144,1.000,0.00000,0.00000,0,0,59.78,170.51,none
97.016,AUTO DEMO / SYNTHETIC RMS,0.002144,0.002144,0.004144,1.000,0.00000,0.00000,0,0,59.70,174.51,none
97.266,AUTO DEMO / SYNTHETIC RMS,0.001903,0.002144,0.004144,1.000,0.00000,0.00000,0,0,59.90,176.51,none
97.501,AUTO DEMO / SYNTHETIC RMS,0.001921,0.002144,0.004144,1.000,0.00000,0.00000,0,0,59.64,180.51,none
97.753,AUTO DEMO / SYNTHETIC RMS,0.002149,0.002144,0.004144,1.000,0.00000,0.00000,0,0,59.69,182.51,none
98.006,AUTO DEMO / SYNTHETIC RMS,0.001950,0.002144,0.004144,1.000,0.00000,0.00000,0,0,57.39,186.51,none
98.260,AUTO DEMO / SYNTHETIC RMS,0.001896,0.002144,0.004144,1.000,0.00000,0.00000,0,0,58.43,188.51,none
98.510,AUTO DEMO / SYNTHETIC RMS,0.002141,0.002144,0.004144,1.000,0.00000,0.00000,0,0,59.31,192.51,none
98.761,AUTO DEMO / SYNTHETIC RMS,0.001986,0.002144,0.004144,1.000,0.00000,0.00000,0,0,59.54,194.51,none
99.012,AUTO DEMO / SYNTHETIC RMS,0.001871,0.002143,0.004143,1.000,0.00000,0.00000,0,0,59.52,198.51,none
99.266,AUTO DEMO / SYNTHETIC RMS,0.002126,0.002143,0.004143,1.000,0.00000,0.00000,0,0,59.48,200.51,none
99.500,AUTO DEMO / SYNTHETIC RMS,0.002040,0.002143,0.004143,1.000,0.00000,0.00000,0,0,59.59,204.51,none
99.751,AUTO DEMO / SYNTHETIC RMS,0.001852,0.002143,0.004143,1.000,0.00000,0.00000,0,0,59.71,206.51,none
100.017,AUTO DEMO / SYNTHETIC RMS,0.002099,0.002143,0.004143,1.000,0.00000,0.00000,0,0,59.89,210.51,none
100.251,AUTO DEMO / SYNTHETIC RMS,0.002078,0.002143,0.004143,1.000,0.00000,0.00000,0,0,59.84,212.51,none
100.516,AUTO DEMO / SYNTHETIC RMS,0.001850,0.002143,0.004143,1.000,0.00000,0.00000,0,0,60.07,216.51,none
100.750,AUTO DEMO / SYNTHETIC RMS,0.002045,0.002143,0.004143,1.000,0.00000,0.00000,0,0,59.97,218.51,none
101.004,AUTO DEMO / SYNTHETIC RMS,0.002108,0.002143,0.004143,1.000,0.00000,0.00000,0,0,59.27,222.51,none
101.264,AUTO DEMO / SYNTHETIC RMS,0.001856,0.002143,0.004143,1.000,0.00000,0.00000,0,0,58.55,224.51,none
101.515,AUTO DEMO / SYNTHETIC RMS,0.002021,0.002143,0.004143,1.000,0.00000,0.00000,0,0,59.21,228.51,none
101.751,AUTO DEMO / SYNTHETIC RMS,0.002135,0.002143,0.004143,1.000,0.00000,0.00000,0,0,59.21,230.51,none
102.000,AUTO DEMO / SYNTHETIC RMS,0.015075,0.002143,0.004143,1.000,0.18219,0.02795,0,0,59.65,234.99,none
102.251,AUTO DEMO / SYNTHETIC RMS,0.016704,0.002143,0.004143,1.000,0.20935,0.18604,6,1,57.43,236.99,none
102.500,AUTO DEMO / SYNTHETIC RMS,0.018677,0.002143,0.004143,1.000,0.24222,0.23045,14,1,58.83,240.51,none
102.765,AUTO DEMO / SYNTHETIC RMS,0.018775,0.002143,0.004143,1.000,0.24386,0.24514,23,1,57.53,244.51,none
103.001,AUTO DEMO / SYNTHETIC RMS,0.017452,0.002143,0.004143,1.000,0.22181,0.24062,32,1,58.38,246.51,none
103.263,AUTO DEMO / SYNTHETIC RMS,0.015744,0.002143,0.004143,1.000,0.19334,0.22718,41,1,57.96,250.51,none
103.514,AUTO DEMO / SYNTHETIC RMS,0.014983,0.002143,0.004143,1.000,0.18066,0.21137,49,1,58.97,28.51,none
103.753,AUTO DEMO / SYNTHETIC RMS,0.016108,0.002143,0.004143,1.000,0.19941,0.20343,56,1,58.45,32.51,none
104.005,AUTO DEMO / SYNTHETIC RMS,0.018277,0.002143,0.004143,1.000,0.23555,0.22424,64,1,58.98,34.51,none
104.250,AUTO DEMO / SYNTHETIC RMS,0.018995,0.002143,0.004143,1.000,0.24753,0.24470,71,1,57.71,38.51,none
104.500,AUTO DEMO / SYNTHETIC RMS,0.017921,0.002143,0.004143,1.000,0.22963,0.24296,77,0,58.97,40.51,none
104.756,AUTO DEMO / SYNTHETIC RMS,0.016219,0.002143,0.004143,1.000,0.20126,0.23198,84,0,58.85,44.51,none
105.010,AUTO DEMO / SYNTHETIC RMS,0.015033,0.002143,0.004143,1.000,0.18150,0.21585,81,0,59.07,46.51,none
105.263,AUTO DEMO / SYNTHETIC RMS,0.015652,0.002143,0.004143,1.000,0.19182,0.20425,84,0,59.14,50.51,none
105.513,AUTO DEMO / SYNTHETIC RMS,0.017794,0.002143,0.004143,1.000,0.22751,0.21657,84,0,59.61,52.51,none
105.756,AUTO DEMO / SYNTHETIC RMS,0.019011,0.002143,0.004143,1.000,0.24779,0.24187,82,0,58.73,56.51,none
106.007,AUTO DEMO / SYNTHETIC RMS,0.066990,0.002143,0.004143,1.000,1.00000,0.36400,82,0,59.22,58.51,none
106.264,AUTO DEMO / SYNTHETIC RMS,0.070819,0.002143,0.004143,1.000,1.00000,0.95156,94,1,58.92,62.51,none
106.502,AUTO DEMO / SYNTHETIC RMS,0.076927,0.002143,0.004143,1.000,1.00000,0.99551,114,1,58.71,66.51,none
106.754,AUTO DEMO / SYNTHETIC RMS,0.082594,0.002143,0.004143,1.000,1.00000,0.99964,132,1,59.24,68.51,none
107.012,AUTO DEMO / SYNTHETIC RMS,0.085009,0.002143,0.004143,1.000,1.00000,0.99997,153,1,58.45,72.51,none
107.273,AUTO DEMO / SYNTHETIC RMS,0.082167,0.002143,0.004143,1.000,1.00000,1.00000,168,2,54.87,74.51,none
107.500,AUTO DEMO / SYNTHETIC RMS,0.076393,0.002143,0.004143,1.000,1.00000,1.00000,178,2,49.60,76.51,none
107.778,AUTO DEMO / SYNTHETIC RMS,0.069682,0.002143,0.004143,1.000,1.00000,1.00000,177,2,38.30,78.51,none
108.003,AUTO DEMO / SYNTHETIC RMS,0.067211,0.002143,0.004143,1.000,1.00000,1.00000,179,3,45.90,82.51,none
108.253,AUTO DEMO / SYNTHETIC RMS,0.068651,0.002143,0.004143,1.000,1.00000,1.00000,180,3,50.59,84.51,none
108.506,AUTO DEMO / SYNTHETIC RMS,0.074320,0.002143,0.004143,1.000,1.00000,1.00000,179,2,54.96,88.51,none
108.756,AUTO DEMO / SYNTHETIC RMS,0.080995,0.002143,0.004143,1.000,1.00000,1.00000,176,2,57.60,90.51,none
109.016,AUTO DEMO / SYNTHETIC RMS,0.084715,0.002143,0.004143,1.000,1.00000,1.00000,179,3,57.90,94.51,none
109.254,AUTO DEMO / SYNTHETIC RMS,0.083820,0.002143,0.004143,1.000,1.00000,1.00000,172,3,58.37,96.51,none
109.504,AUTO DEMO / SYNTHETIC RMS,0.079033,0.002143,0.004143,1.000,1.00000,1.00000,179,2,59.20,100.51,none
109.755,AUTO DEMO / SYNTHETIC RMS,0.072281,0.002143,0.004143,1.000,1.00000,1.00000,178,2,57.96,104.51,none
110.015,AUTO DEMO / SYNTHETIC RMS,0.067473,0.002143,0.004143,1.000,1.00000,1.00000,177,3,57.59,106.51,none
110.258,AUTO DEMO / SYNTHETIC RMS,0.067708,0.002143,0.004143,1.000,1.00000,1.00000,179,3,57.87,110.51,none
110.511,AUTO DEMO / SYNTHETIC RMS,0.072114,0.002143,0.004143,1.000,1.00000,1.00000,179,2,58.67,112.51,none
110.764,AUTO DEMO / SYNTHETIC RMS,0.078613,0.002143,0.004143,1.000,1.00000,1.00000,179,2,59.10,116.51,none
111.008,AUTO DEMO / SYNTHETIC RMS,0.083864,0.002143,0.004143,1.000,1.00000,1.00000,179,3,58.63,120.51,none
111.252,AUTO DEMO / SYNTHETIC RMS,0.084887,0.002143,0.004143,1.000,1.00000,1.00000,177,2,57.53,122.51,none
111.511,AUTO DEMO / SYNTHETIC RMS,0.080858,0.002143,0.004143,1.000,1.00000,1.00000,178,2,45.32,124.51,none
111.759,AUTO DEMO / SYNTHETIC RMS,0.074672,0.002143,0.004143,1.000,1.00000,1.00000,178,2,43.03,126.51,none
112.010,AUTO DEMO / SYNTHETIC RMS,0.002099,0.002143,0.004143,1.000,0.00000,0.96715,179,3,45.27,128.51,none
112.263,AUTO DEMO / SYNTHETIC RMS,0.001855,0.002143,0.004143,1.000,0.00000,0.61019,171,2,51.91,132.51,none
112.502,AUTO DEMO / SYNTHETIC RMS,0.002011,0.002143,0.004143,1.000,0.00000,0.39537,172,2,55.29,134.51,none
112.753,AUTO DEMO / SYNTHETIC RMS,0.002131,0.002143,0.004143,1.000,0.00000,0.25048,165,2,57.58,138.51,none
113.005,AUTO DEMO / SYNTHETIC RMS,0.001878,0.002143,0.004143,1.000,0.00000,0.15847,161,2,58.64,142.51,none
113.255,AUTO DEMO / SYNTHETIC RMS,0.001972,0.002143,0.004143,1.000,0.00000,0.10053,148,1,59.31,144.51,none
113.515,AUTO DEMO / SYNTHETIC RMS,0.002142,0.002143,0.004143,1.000,0.00000,0.06271,138,1,58.67,148.51,none
113.765,AUTO DEMO / SYNTHETIC RMS,0.001897,0.002143,0.004143,1.000,0.00000,0.03976,130,1,59.32,152.51,none
114.007,AUTO DEMO / SYNTHETIC RMS,0.001934,0.002143,0.004143,1.000,0.00000,0.02562,107,1,58.37,154.51,none
114.257,AUTO DEMO / SYNTHETIC RMS,0.002150,0.002143,0.004143,1.000,0.00000,0.01626,91,0,59.22,158.51,none
114.511,AUTO DEMO / SYNTHETIC RMS,0.001937,0.002143,0.004143,1.000,0.00000,0.01025,75,0,59.13,160.51,none
114.761,AUTO DEMO / SYNTHETIC RMS,0.001902,0.002143,0.004143,1.000,0.00000,0.00651,60,0,59.65,164.51,none
115.013,AUTO DEMO / SYNTHETIC RMS,0.002145,0.002143,0.004143,1.000,0.00000,0.00412,38,0,59.69,166.51,none
115.263,AUTO DEMO / SYNTHETIC RMS,0.001975,0.002143,0.004143,1.000,0.00000,0.00261,26,0,59.83,170.51,none
115.507,AUTO DEMO / SYNTHETIC RMS,0.001872,0.002143,0.004143,1.000,0.00000,0.00168,21,0,58.42,172.51,none
115.757,AUTO DEMO / SYNTHETIC RMS,0.002124,0.002143,0.004143,1.000,0.00000,0.00106,14,0,59.34,176.51,none
116.007,AUTO DEMO / SYNTHETIC RMS,0.002024,0.002143,0.004143,1.000,0.00000,0.00000,6,0,59.65,178.51,none
116.260,AUTO DEMO / SYNTHETIC RMS,0.001856,0.002143,0.004143,1.000,0.00000,0.00000,4,0,59.61,182.51,none
116.510,AUTO DEMO / SYNTHETIC RMS,0.002099,0.002143,0.004143,1.000,0.00000,0.00000,1,0,59.74,184.51,none
116.760,AUTO DEMO / SYNTHETIC RMS,0.002061,0.002143,0.004143,1.000,0.00000,0.00000,1,0,59.78,188.51,none
117.011,AUTO DEMO / SYNTHETIC RMS,0.001850,0.002143,0.004143,1.000,0.00000,0.00000,0,0,59.72,190.51,none
117.260,AUTO DEMO / SYNTHETIC RMS,0.002064,0.002143,0.004143,1.000,0.00000,0.00000,0,0,59.93,194.51,none
117.510,AUTO DEMO / SYNTHETIC RMS,0.002097,0.002143,0.004143,1.000,0.00000,0.00000,0,0,59.99,196.51,none
117.760,AUTO DEMO / SYNTHETIC RMS,0.001856,0.002143,0.004143,1.000,0.00000,0.00000,0,0,59.99,200.51,none
118.011,AUTO DEMO / SYNTHETIC RMS,0.002024,0.002143,0.004143,1.000,0.00000,0.00000,0,0,59.86,202.51,none
118.263,AUTO DEMO / SYNTHETIC RMS,0.002124,0.002143,0.004143,1.000,0.00000,0.00000,0,0,59.75,206.51,none
118.513,AUTO DEMO / SYNTHETIC RMS,0.001871,0.002143,0.004143,1.000,0.00000,0.00000,0,0,59.84,208.51,none
118.753,AUTO DEMO / SYNTHETIC RMS,0.001972,0.002143,0.004143,1.000,0.00000,0.00000,0,0,58.76,212.51,none
119.005,AUTO DEMO / SYNTHETIC RMS,0.002145,0.002143,0.004143,1.000,0.00000,0.00000,0,0,59.18,214.51,none
119.256,AUTO DEMO / SYNTHETIC RMS,0.001904,0.002143,0.004143,1.000,0.00000,0.00000,0,0,59.60,218.51,none
119.501,AUTO DEMO / SYNTHETIC RMS,0.001930,0.002143,0.004143,1.000,0.00000,0.00000,0,0,58.25,220.51,none
119.751,AUTO DEMO / SYNTHETIC RMS,0.002150,0.002143,0.004143,1.000,0.00000,0.00000,0,0,59.09,224.51,none
120.001,AUTO DEMO / SYNTHETIC RMS,0.002001,0.002143,0.004143,1.000,0.00000,0.00000,0,0,59.70,226.51,none
120.251,AUTO DEMO / SYNTHETIC RMS,0.002136,0.002143,0.004143,1.000,0.00000,0.00000,0,0,59.80,230.51,none
120.502,AUTO DEMO / SYNTHETIC RMS,0.001885,0.002143,0.004143,1.000,0.00000,0.00000,0,0,59.88,232.51,none
120.752,AUTO DEMO / SYNTHETIC RMS,0.001961,0.002143,0.004143,1.000,0.00000,0.00000,0,0,59.81,236.51,none
121.001,AUTO DEMO / SYNTHETIC RMS,0.002148,0.002143,0.004143,1.000,0.00000,0.00000,0,0,60.00,238.51,none
121.252,AUTO DEMO / SYNTHETIC RMS,0.001917,0.002143,0.004143,1.000,0.00000,0.00000,0,0,59.91,242.51,none
121.501,AUTO DEMO / SYNTHETIC RMS,0.001920,0.002143,0.004143,1.000,0.00000,0.00000,0,0,60.13,244.51,none
121.752,AUTO DEMO / SYNTHETIC RMS,0.002149,0.002143,0.004143,1.000,0.00000,0.00000,0,0,59.92,248.51,none
122.012,AUTO DEMO / SYNTHETIC RMS,0.001943,0.002143,0.004143,1.000,0.00000,0.00000,0,0,57.14,250.51,none
122.264,AUTO DEMO / SYNTHETIC RMS,0.001900,0.002143,0.004143,1.000,0.00000,0.00000,0,0,58.38,30.50,none
122.513,AUTO DEMO / SYNTHETIC RMS,0.002143,0.002143,0.004143,1.000,0.00000,0.00000,0,0,59.37,32.58,none
122.764,AUTO DEMO / SYNTHETIC RMS,0.001982,0.002143,0.004143,1.000,0.00000,0.00000,0,0,59.68,36.50,none
123.014,AUTO DEMO / SYNTHETIC RMS,0.001872,0.002143,0.004143,1.000,0.00000,0.00000,0,0,59.81,40.51,none
123.258,AUTO DEMO / SYNTHETIC RMS,0.002120,0.002143,0.004143,1.000,0.00000,0.00000,0,0,58.67,42.50,none
123.510,AUTO DEMO / SYNTHETIC RMS,0.002028,0.002143,0.004143,1.000,0.00000,0.00000,0,0,59.11,44.51,none
123.760,AUTO DEMO / SYNTHETIC RMS,0.001854,0.002143,0.004143,1.000,0.00000,0.00000,0,0,59.67,48.51,none
124.010,AUTO DEMO / SYNTHETIC RMS,0.002093,0.002143,0.004143,1.000,0.00000,0.00000,0,0,59.86,50.50,none
124.261,AUTO DEMO / SYNTHETIC RMS,0.002068,0.002143,0.004143,1.000,0.00000,0.00000,0,0,59.75,54.50,none
124.511,AUTO DEMO / SYNTHETIC RMS,0.001850,0.002143,0.004143,1.000,0.00000,0.00000,0,0,59.88,56.50,none
124.760,AUTO DEMO / SYNTHETIC RMS,0.002056,0.002143,0.004143,1.000,0.00000,0.00000,0,0,59.99,60.50,none
125.010,AUTO DEMO / SYNTHETIC RMS,0.002103,0.002143,0.004143,1.000,0.00000,0.00000,0,0,59.98,62.50,none
125.261,AUTO DEMO / SYNTHETIC RMS,0.001858,0.002143,0.004143,1.000,0.00000,0.00000,0,0,59.88,66.50,none
125.516,AUTO DEMO / SYNTHETIC RMS,0.002022,0.002143,0.004143,1.000,0.00000,0.00000,0,0,59.23,70.50,none
125.766,AUTO DEMO / SYNTHETIC RMS,0.002126,0.002143,0.004143,1.000,0.00000,0.00000,0,0,59.69,72.50,none
126.015,AUTO DEMO / SYNTHETIC RMS,0.015117,0.002143,0.004143,1.000,0.18291,0.02638,0,0,59.98,76.51,none
126.266,AUTO DEMO / SYNTHETIC RMS,0.016845,0.002143,0.004143,1.000,0.21171,0.18778,6,1,59.87,78.50,none
126.500,AUTO DEMO / SYNTHETIC RMS,0.018676,0.002143,0.004143,1.000,0.24222,0.23025,14,1,59.85,80.51,none
126.752,AUTO DEMO / SYNTHETIC RMS,0.018821,0.002143,0.004143,1.000,0.24464,0.24518,22,1,59.65,84.51,none
127.003,AUTO DEMO / SYNTHETIC RMS,0.017441,0.002143,0.004143,1.000,0.22163,0.24057,31,1,59.67,88.51,none
127.253,AUTO DEMO / SYNTHETIC RMS,0.015802,0.002143,0.004143,1.000,0.19432,0.22785,40,1,59.84,90.50,none
127.504,AUTO DEMO / SYNTHETIC RMS,0.014979,0.002143,0.004143,1.000,0.18060,0.21195,48,1,59.81,94.50,none
127.754,AUTO DEMO / SYNTHETIC RMS,0.016117,0.002143,0.004143,1.000,0.19958,0.20343,56,1,59.82,96.50,none
128.004,AUTO DEMO / SYNTHETIC RMS,0.018273,0.002143,0.004143,1.000,0.23551,0.22418,63,1,59.86,100.50,none
128.254,AUTO DEMO / SYNTHETIC RMS,0.018990,0.002143,0.004143,1.000,0.24746,0.24479,71,1,60.01,102.50,none
128.510,AUTO DEMO / SYNTHETIC RMS,0.017857,0.002143,0.004143,1.000,0.22857,0.24269,75,0,59.18,106.50,none
128.762,AUTO DEMO / SYNTHETIC RMS,0.016184,0.002143,0.004143,1.000,0.20069,0.23168,77,0,59.40,108.50,none
129.004,AUTO DEMO / SYNTHETIC RMS,0.015046,0.002143,0.004143,1.000,0.18173,0.21622,79,0,54.12,112.51,none
129.254,AUTO DEMO / SYNTHETIC RMS,0.015593,0.002143,0.004143,1.000,0.19084,0.20441,83,0,57.12,114.50,none
129.503,AUTO DEMO / SYNTHETIC RMS,0.017707,0.002143,0.004143,1.000,0.22608,0.21555,80,0,54.54,118.50,none
129.753,AUTO DEMO / SYNTHETIC RMS,0.019008,0.002143,0.004143,1.000,0.24775,0.24169,83,0,57.40,120.50,none
130.004,AUTO DEMO / SYNTHETIC RMS,0.066976,0.002143,0.004143,1.000,1.00000,0.35989,83,0,58.66,124.51,none
130.256,AUTO DEMO / SYNTHETIC RMS,0.070626,0.002143,0.004143,1.000,1.00000,0.94854,100,1,59.14,126.50,none
130.506,AUTO DEMO / SYNTHETIC RMS,0.077031,0.002143,0.004143,1.000,1.00000,0.99578,118,1,59.53,130.50,none
130.756,AUTO DEMO / SYNTHETIC RMS,0.082633,0.002143,0.004143,1.000,1.00000,0.99965,135,1,59.79,132.51,none
131.005,AUTO DEMO / SYNTHETIC RMS,0.085008,0.002143,0.004143,1.000,1.00000,0.99997,150,1,60.10,136.50,none
131.256,AUTO DEMO / SYNTHETIC RMS,0.082526,0.002143,0.004143,1.000,1.00000,1.00000,168,2,59.96,140.50,none
131.506,AUTO DEMO / SYNTHETIC RMS,0.076239,0.002143,0.004143,1.000,1.00000,1.00000,180,2,59.95,142.50,none
131.756,AUTO DEMO / SYNTHETIC RMS,0.070100,0.002143,0.004143,1.000,1.00000,1.00000,180,2,59.93,146.50,none
132.006,AUTO DEMO / SYNTHETIC RMS,0.067201,0.002143,0.004143,1.000,1.00000,1.00000,180,3,59.93,150.50,none
132.256,AUTO DEMO / SYNTHETIC RMS,0.068686,0.002143,0.004143,1.000,1.00000,1.00000,179,3,59.97,152.50,none
132.506,AUTO DEMO / SYNTHETIC RMS,0.074316,0.002143,0.004143,1.000,1.00000,1.00000,179,2,59.98,156.50,none
132.756,AUTO DEMO / SYNTHETIC RMS,0.081008,0.002143,0.004143,1.000,1.00000,1.00000,178,2,59.96,158.50,none
133.010,AUTO DEMO / SYNTHETIC RMS,0.084682,0.002143,0.004143,1.000,1.00000,1.00000,179,3,59.65,162.50,none
133.260,AUTO DEMO / SYNTHETIC RMS,0.083748,0.002143,0.004143,1.000,1.00000,1.00000,169,3,59.79,166.50,none
133.512,AUTO DEMO / SYNTHETIC RMS,0.078845,0.002143,0.004143,1.000,1.00000,1.00000,174,2,59.72,168.50,none
133.761,AUTO DEMO / SYNTHETIC RMS,0.072123,0.002143,0.004143,1.000,1.00000,1.00000,177,2,59.96,172.51,none
134.011,AUTO DEMO / SYNTHETIC RMS,0.067506,0.002143,0.004143,1.000,1.00000,1.00000,180,3,59.97,176.50,none
134.263,AUTO DEMO / SYNTHETIC RMS,0.067758,0.002143,0.004143,1.000,1.00000,1.00000,180,2,59.88,178.50,none
134.506,AUTO DEMO / SYNTHETIC RMS,0.071999,0.002143,0.004143,1.000,1.00000,1.00000,179,2,58.65,182.50,none
134.758,AUTO DEMO / SYNTHETIC RMS,0.078456,0.002143,0.004143,1.000,1.00000,1.00000,180,2,59.05,184.51,none
135.008,AUTO DEMO / SYNTHETIC RMS,0.083866,0.002143,0.004143,1.000,1.00000,1.00000,179,3,59.59,188.50,none
135.264,AUTO DEMO / SYNTHETIC RMS,0.084801,0.002143,0.004143,1.000,1.00000,1.00000,179,2,56.25,190.50,none
135.516,AUTO DEMO / SYNTHETIC RMS,0.080741,0.002143,0.004143,1.000,1.00000,1.00000,179,2,56.35,194.50,none
135.763,AUTO DEMO / SYNTHETIC RMS,0.074580,0.002143,0.004143,1.000,1.00000,1.00000,173,2,56.61,196.51,none
136.010,AUTO DEMO / SYNTHETIC RMS,0.002099,0.002143,0.004143,1.000,0.00000,0.95968,175,3,50.39,200.51,none
136.265,AUTO DEMO / SYNTHETIC RMS,0.001855,0.002143,0.004143,1.000,0.00000,0.60336,172,2,54.63,202.50,none
136.515,AUTO DEMO / SYNTHETIC RMS,0.002026,0.002143,0.004143,1.000,0.00000,0.38294,166,2,57.40,206.50,none
136.766,AUTO DEMO / SYNTHETIC RMS,0.002123,0.002143,0.004143,1.000,0.00000,0.24262,161,2,58.62,210.50,none
137.010,AUTO DEMO / SYNTHETIC RMS,0.001875,0.002143,0.004143,1.000,0.00000,0.15589,151,2,54.09,212.50,none
137.260,AUTO DEMO / SYNTHETIC RMS,0.001977,0.002143,0.004143,1.000,0.00000,0.09894,146,1,57.12,214.50,none
137.511,AUTO DEMO / SYNTHETIC RMS,0.002144,0.002143,0.004143,1.000,0.00000,0.06262,133,1,58.42,218.50,none
137.761,AUTO DEMO / SYNTHETIC RMS,0.001902,0.002143,0.004143,1.000,0.00000,0.03977,124,1,59.24,222.50,none
138.013,AUTO DEMO / SYNTHETIC RMS,0.001941,0.002143,0.004143,1.000,0.00000,0.02513,111,1,55.32,224.50,none
138.263,AUTO DEMO / SYNTHETIC RMS,0.002150,0.002143,0.004143,1.000,0.00000,0.01595,92,0,57.68,228.50,none
138.512,AUTO DEMO / SYNTHETIC RMS,0.001936,0.002143,0.004143,1.000,0.00000,0.01015,74,0,57.38,230.50,none
138.763,AUTO DEMO / SYNTHETIC RMS,0.001904,0.002143,0.004143,1.000,0.00000,0.00644,58,0,58.68,234.50,none
139.012,AUTO DEMO / SYNTHETIC RMS,0.002144,0.002143,0.004143,1.000,0.00000,0.00409,35,0,59.50,236.51,none
139.262,AUTO DEMO / SYNTHETIC RMS,0.001976,0.002143,0.004143,1.000,0.00000,0.00259,28,0,59.69,240.50,none
139.512,AUTO DEMO / SYNTHETIC RMS,0.001875,0.002143,0.004143,1.000,0.00000,0.00165,20,0,59.88,242.50,none
139.762,AUTO DEMO / SYNTHETIC RMS,0.002128,0.002143,0.004143,1.000,0.00000,0.00105,15,0,59.96,246.50,none
140.011,AUTO DEMO / SYNTHETIC RMS,0.002020,0.002143,0.004143,1.000,0.00000,0.00000,9,0,60.12,248.51,none
140.262,AUTO DEMO / SYNTHETIC RMS,0.001857,0.002143,0.004143,1.000,0.00000,0.00000,5,0,60.03,28.50,none
140.501,AUTO DEMO / SYNTHETIC RMS,0.002090,0.002143,0.004143,1.000,0.00000,0.00000,3,0,59.36,30.50,none
140.751,AUTO DEMO / SYNTHETIC RMS,0.002071,0.002143,0.004143,1.000,0.00000,0.00000,1,0,59.65,34.50,none
141.001,AUTO DEMO / SYNTHETIC RMS,0.001850,0.002143,0.004143,1.000,0.00000,0.00000,0,0,59.90,36.50,none
141.253,AUTO DEMO / SYNTHETIC RMS,0.002055,0.002143,0.004143,1.000,0.00000,0.00000,0,0,59.77,40.50,none
141.504,AUTO DEMO / SYNTHETIC RMS,0.002103,0.002143,0.004143,1.000,0.00000,0.00000,0,0,59.73,42.50,none
141.753,AUTO DEMO / SYNTHETIC RMS,0.001858,0.002143,0.004143,1.000,0.00000,0.00000,0,0,60.01,46.50,none
142.003,AUTO DEMO / SYNTHETIC RMS,0.002015,0.002143,0.004143,1.000,0.00000,0.00000,0,0,59.96,48.50,none
142.252,AUTO DEMO / SYNTHETIC RMS,0.002130,0.002143,0.004143,1.000,0.00000,0.00000,0,0,60.19,52.50,none
142.508,AUTO DEMO / SYNTHETIC RMS,0.001874,0.002143,0.004143,1.000,0.00000,0.00000,0,0,55.34,54.50,none
142.765,AUTO DEMO / SYNTHETIC RMS,0.001986,0.002143,0.004143,1.000,0.00000,0.00000,0,0,55.07,56.50,none
143.009,AUTO DEMO / SYNTHETIC RMS,0.002144,0.002143,0.004143,1.000,0.00000,0.00000,0,0,56.36,60.50,none
143.258,AUTO DEMO / SYNTHETIC RMS,0.001902,0.002143,0.004143,1.000,0.00000,0.00000,0,0,58.38,62.50,none
143.510,AUTO DEMO / SYNTHETIC RMS,0.001939,0.002143,0.004143,1.000,0.00000,0.00000,0,0,59.05,66.50,none
143.760,AUTO DEMO / SYNTHETIC RMS,0.002150,0.002143,0.004143,1.000,0.00000,0.00000,0,0,59.47,68.50,none
144.015,AUTO DEMO / SYNTHETIC RMS,0.002018,0.002143,0.004143,1.000,0.00000,0.00000,0,0,59.20,72.86,none
144.266,AUTO DEMO / SYNTHETIC RMS,0.002127,0.002143,0.004143,1.000,0.00000,0.00000,0,0,59.50,76.50,none
144.517,AUTO DEMO / SYNTHETIC RMS,0.001874,0.002143,0.004143,1.000,0.00000,0.00000,0,0,59.69,78.50,none
144.752,AUTO DEMO / SYNTHETIC RMS,0.001960,0.002143,0.004143,1.000,0.00000,0.00000,0,0,59.63,82.50,none
145.001,AUTO DEMO / SYNTHETIC RMS,0.002148,0.002143,0.004143,1.000,0.00000,0.00000,0,0,59.82,84.50,none
145.256,AUTO DEMO / SYNTHETIC RMS,0.001912,0.002143,0.004143,1.000,0.00000,0.00000,0,0,59.20,88.50,none
145.513,AUTO DEMO / SYNTHETIC RMS,0.001934,0.002143,0.004143,1.000,0.00000,0.00000,0,0,37.02,88.50,none
145.752,AUTO DEMO / SYNTHETIC RMS,0.002149,0.002143,0.004143,1.000,0.00000,0.00000,0,0,38.14,90.50,none
146.003,AUTO DEMO / SYNTHETIC RMS,0.001953,0.002143,0.004143,1.000,0.00000,0.00000,0,0,47.32,94.50,none
146.256,AUTO DEMO / SYNTHETIC RMS,0.001892,0.002143,0.004143,1.000,0.00000,0.00000,0,0,53.18,96.50,none
146.505,AUTO DEMO / SYNTHETIC RMS,0.002139,0.002143,0.004143,1.000,0.00000,0.00000,0,0,56.77,100.50,none
146.756,AUTO DEMO / SYNTHETIC RMS,0.001991,0.002143,0.004143,1.000,0.00000,0.00000,0,0,58.39,102.50,none
147.007,AUTO DEMO / SYNTHETIC RMS,0.001868,0.002144,0.004144,1.000,0.00000,0.00000,0,0,59.18,106.50,none
147.261,AUTO DEMO / SYNTHETIC RMS,0.002123,0.002144,0.004144,1.000,0.00000,0.00000,0,0,58.97,108.50,none
147.512,AUTO DEMO / SYNTHETIC RMS,0.002026,0.002144,0.004144,1.000,0.00000,0.00000,0,0,59.34,112.50,none
147.762,AUTO DEMO / SYNTHETIC RMS,0.001855,0.002144,0.004144,1.000,0.00000,0.00000,0,0,59.76,114.50,none
148.013,AUTO DEMO / SYNTHETIC RMS,0.002095,0.002144,0.004144,1.000,0.00000,0.00000,0,0,59.68,118.50,none
148.263,AUTO DEMO / SYNTHETIC RMS,0.002065,0.002144,0.004144,1.000,0.00000,0.00000,0,0,59.70,120.50,none
148.514,AUTO DEMO / SYNTHETIC RMS,0.001850,0.002144,0.004144,1.000,0.00000,0.00000,0,0,59.82,124.50,none
148.754,AUTO DEMO / SYNTHETIC RMS,0.002049,0.002144,0.004144,1.000,0.00000,0.00000,0,0,56.95,126.50,none
149.021,AUTO DEMO / SYNTHETIC RMS,0.002094,0.002144,0.004144,1.000,0.00000,0.00000,0,0,53.95,130.50,none
149.264,AUTO DEMO / SYNTHETIC RMS,0.001857,0.002144,0.004144,1.000,0.00000,0.00000,0,0,51.98,132.50,none
149.509,AUTO DEMO / SYNTHETIC RMS,0.002014,0.002144,0.004144,1.000,0.00000,0.00000,0,0,54.55,134.50,none
149.754,AUTO DEMO / SYNTHETIC RMS,0.002133,0.002144,0.004144,1.000,0.00000,0.00000,0,0,54.71,138.50,none
150.010,AUTO DEMO / SYNTHETIC RMS,0.015101,0.002144,0.004144,1.000,0.18261,0.02750,0,0,56.87,140.50,none
150.259,AUTO DEMO / SYNTHETIC RMS,0.016774,0.002144,0.004144,1.000,0.21051,0.18662,6,1,56.87,144.50,none
150.509,AUTO DEMO / SYNTHETIC RMS,0.018716,0.002144,0.004144,1.000,0.24287,0.23135,14,1,58.45,146.50,none
150.759,AUTO DEMO / SYNTHETIC RMS,0.018796,0.002144,0.004144,1.000,0.24420,0.24514,23,1,59.18,150.50,none
151.009,AUTO DEMO / SYNTHETIC RMS,0.017404,0.002144,0.004144,1.000,0.22101,0.24035,32,1,59.69,152.50,none
151.260,AUTO DEMO / SYNTHETIC RMS,0.015765,0.002144,0.004144,1.000,0.19367,0.22742,40,1,59.68,156.50,none
151.509,AUTO DEMO / SYNTHETIC RMS,0.014980,0.002144,0.004144,1.000,0.18061,0.21165,48,1,59.95,158.50,none
151.759,AUTO DEMO / SYNTHETIC RMS,0.016153,0.002144,0.004144,1.000,0.20016,0.20338,56,1,59.99,162.50,none
152.009,AUTO DEMO / SYNTHETIC RMS,0.018304,0.002144,0.004144,1.000,0.23601,0.22471,64,1,59.95,164.50,none
152.261,AUTO DEMO / SYNTHETIC RMS,0.018979,0.002144,0.004144,1.000,0.24725,0.24493,72,1,59.81,168.50,none
152.508,AUTO DEMO / SYNTHETIC RMS,0.017870,0.002144,0.004144,1.000,0.22876,0.24271,79,0,58.43,170.50,none
152.759,AUTO DEMO / SYNTHETIC RMS,0.016199,0.002144,0.004144,1.000,0.20092,0.23178,81,0,59.12,174.50,none
153.009,AUTO DEMO / SYNTHETIC RMS,0.015036,0.002144,0.004144,1.000,0.18154,0.21594,85,0,59.66,176.50,none
153.260,AUTO DEMO / SYNTHETIC RMS,0.015630,0.002144,0.004144,1.000,0.19143,0.20430,86,0,59.76,180.50,none
153.510,AUTO DEMO / SYNTHETIC RMS,0.017765,0.002144,0.004144,1.000,0.22702,0.21615,83,0,59.89,184.50,none
153.760,AUTO DEMO / SYNTHETIC RMS,0.019014,0.002144,0.004144,1.000,0.24783,0.24211,82,0,58.09,186.50,none
154.011,AUTO DEMO / SYNTHETIC RMS,0.067006,0.002144,0.004144,1.000,1.00000,0.36413,81,0,59.01,190.50,none
154.256,AUTO DEMO / SYNTHETIC RMS,0.070632,0.002144,0.004144,1.000,1.00000,0.94561,95,1,58.11,192.50,none
154.506,AUTO DEMO / SYNTHETIC RMS,0.077035,0.002144,0.004144,1.000,1.00000,0.99554,116,1,59.15,196.50,none
154.765,AUTO DEMO / SYNTHETIC RMS,0.082792,0.002144,0.004144,1.000,1.00000,0.99966,133,1,58.48,198.50,none
155.015,AUTO DEMO / SYNTHETIC RMS,0.085008,0.002144,0.004144,1.000,1.00000,0.99997,154,2,59.34,202.50,none
155.255,AUTO DEMO / SYNTHETIC RMS,0.082540,0.002144,0.004144,1.000,1.00000,1.00000,168,2,58.90,204.50,none
155.504,AUTO DEMO / SYNTHETIC RMS,0.076285,0.002144,0.004144,1.000,1.00000,1.00000,180,2,59.58,208.50,none
155.754,AUTO DEMO / SYNTHETIC RMS,0.070130,0.002144,0.004144,1.000,1.00000,1.00000,180,2,59.78,212.50,none
156.007,AUTO DEMO / SYNTHETIC RMS,0.067197,0.002144,0.004144,1.000,1.00000,1.00000,180,3,59.72,214.50,none
156.258,AUTO DEMO / SYNTHETIC RMS,0.068711,0.002144,0.004144,1.000,1.00000,1.00000,180,3,59.82,218.50,none
156.508,AUTO DEMO / SYNTHETIC RMS,0.074355,0.002144,0.004144,1.000,1.00000,1.00000,179,2,59.90,220.50,none
156.757,AUTO DEMO / SYNTHETIC RMS,0.081025,0.002144,0.004144,1.000,1.00000,1.00000,179,2,60.02,224.50,none
157.013,AUTO DEMO / SYNTHETIC RMS,0.084699,0.002144,0.004144,1.000,1.00000,1.00000,179,3,59.38,228.50,none
157.263,AUTO DEMO / SYNTHETIC RMS,0.083712,0.002144,0.004144,1.000,1.00000,1.00000,170,3,59.68,230.50,none
157.513,AUTO DEMO / SYNTHETIC RMS,0.078818,0.002144,0.004144,1.000,1.00000,1.00000,171,2,59.90,234.50,none
157.757,AUTO DEMO / SYNTHETIC RMS,0.072242,0.002144,0.004144,1.000,1.00000,1.00000,175,2,55.69,236.50,none
158.014,AUTO DEMO / SYNTHETIC RMS,0.067478,0.002144,0.004144,1.000,1.00000,1.00000,180,3,57.11,240.50,none
158.256,AUTO DEMO / SYNTHETIC RMS,0.067684,0.002144,0.004144,1.000,1.00000,1.00000,179,3,57.65,244.50,none
158.506,AUTO DEMO / SYNTHETIC RMS,0.071988,0.002144,0.004144,1.000,1.00000,1.00000,179,2,58.89,246.50,none
158.756,AUTO DEMO / SYNTHETIC RMS,0.078384,0.002144,0.004144,1.000,1.00000,1.00000,179,2,59.46,250.50,none
159.007,AUTO DEMO / SYNTHETIC RMS,0.083854,0.002144,0.004144,1.000,1.00000,1.00000,180,3,59.48,28.51,none
159.259,AUTO DEMO / SYNTHETIC RMS,0.084841,0.002144,0.004144,1.000,1.00000,1.00000,179,2,57.86,32.51,none
159.510,AUTO DEMO / SYNTHETIC RMS,0.080891,0.002144,0.004144,1.000,1.00000,1.00000,177,2,58.89,36.51,none
159.759,AUTO DEMO / SYNTHETIC RMS,0.074682,0.002144,0.004144,1.000,1.00000,1.00000,175,2,59.53,38.51,none
160.009,AUTO DEMO / SYNTHETIC RMS,0.002100,0.002144,0.004144,1.000,0.00000,0.97101,176,3,59.83,42.51,none
160.260,AUTO DEMO / SYNTHETIC RMS,0.001856,0.002144,0.004144,1.000,0.00000,0.61501,178,2,59.73,44.51,none
160.509,AUTO DEMO / SYNTHETIC RMS,0.002019,0.002144,0.004144,1.000,0.00000,0.39130,175,2,60.10,48.51,none
160.761,AUTO DEMO / SYNTHETIC RMS,0.002127,0.002144,0.004144,1.000,0.00000,0.24763,167,2,59.85,52.51,none
161.010,AUTO DEMO / SYNTHETIC RMS,0.001875,0.002144,0.004144,1.000,0.00000,0.15744,157,2,60.05,54.51,none
161.260,AUTO DEMO / SYNTHETIC RMS,0.001977,0.002144,0.004144,1.000,0.00000,0.09990,147,1,60.02,58.51,none
161.510,AUTO DEMO / SYNTHETIC RMS,0.002144,0.002144,0.004144,1.000,0.00000,0.06339,131,1,60.00,62.51,none
161.760,AUTO DEMO / SYNTHETIC RMS,0.001902,0.002144,0.004144,1.000,0.00000,0.04021,118,1,59.92,64.51,none
162.009,AUTO DEMO / SYNTHETIC RMS,0.001936,0.002144,0.004144,1.000,0.00000,0.02556,108,1,60.10,68.51,none
162.260,AUTO DEMO / SYNTHETIC RMS,0.002150,0.002144,0.004144,1.000,0.00000,0.01622,88,0,60.06,70.51,none
162.510,AUTO DEMO / SYNTHETIC RMS,0.001938,0.002144,0.004144,1.000,0.00000,0.01029,69,0,60.01,74.51,none
162.761,AUTO DEMO / SYNTHETIC RMS,0.001903,0.002144,0.004144,1.000,0.00000,0.00652,49,0,59.87,76.54,none
163.013,AUTO DEMO / SYNTHETIC RMS,0.002145,0.002144,0.004144,1.000,0.00000,0.00412,44,0,59.81,80.51,none
163.257,AUTO DEMO / SYNTHETIC RMS,0.001982,0.002144,0.004144,1.000,0.00000,0.00264,31,0,48.89,82.51,none
163.509,AUTO DEMO / SYNTHETIC RMS,0.001873,0.002144,0.004144,1.000,0.00000,0.00167,21,0,52.57,84.51,none
163.758,AUTO DEMO / SYNTHETIC RMS,0.002125,0.002144,0.004144,1.000,0.00000,0.00106,14,0,56.41,88.51,none
164.009,AUTO DEMO / SYNTHETIC RMS,0.002022,0.002144,0.004144,1.000,0.00000,0.00000,8,0,58.07,90.51,none
164.259,AUTO DEMO / SYNTHETIC RMS,0.001856,0.002144,0.004144,1.000,0.00000,0.00000,4,0,59.13,94.51,none
164.509,AUTO DEMO / SYNTHETIC RMS,0.002098,0.002144,0.004144,1.000,0.00000,0.00000,4,0,59.52,96.51,none
164.759,AUTO DEMO / SYNTHETIC RMS,0.002063,0.002144,0.004144,1.000,0.00000,0.00000,1,0,59.74,100.51,none
165.007,AUTO DEMO / SYNTHETIC RMS,0.001850,0.002144,0.004144,1.000,0.00000,0.00000,0,0,60.20,104.51,none
165.258,AUTO DEMO / SYNTHETIC RMS,0.002061,0.002144,0.004144,1.000,0.00000,0.00000,0,0,60.06,106.51,none
165.508,AUTO DEMO / SYNTHETIC RMS,0.002099,0.002144,0.004144,1.000,0.00000,0.00000,0,0,60.01,110.51,none
165.759,AUTO DEMO / SYNTHETIC RMS,0.001856,0.002144,0.004144,1.000,0.00000,0.00000,0,0,59.92,112.51,none
166.009,AUTO DEMO / SYNTHETIC RMS,0.002021,0.002144,0.004144,1.000,0.00000,0.00000,0,0,60.01,116.51,none
166.259,AUTO DEMO / SYNTHETIC RMS,0.002126,0.002144,0.004144,1.000,0.00000,0.00000,0,0,59.90,118.51,none
166.508,AUTO DEMO / SYNTHETIC RMS,0.001874,0.002144,0.004144,1.000,0.00000,0.00000,0,0,60.09,122.51,none
166.758,AUTO DEMO / SYNTHETIC RMS,0.001978,0.002144,0.004144,1.000,0.00000,0.00000,0,0,60.02,124.51,none
167.014,AUTO DEMO / SYNTHETIC RMS,0.002142,0.002144,0.004144,1.000,0.00000,0.00000,0,0,59.34,128.51,none
167.265,AUTO DEMO / SYNTHETIC RMS,0.001896,0.002144,0.004144,1.000,0.00000,0.00000,0,0,59.67,130.51,none
167.514,AUTO DEMO / SYNTHETIC RMS,0.001944,0.002144,0.004144,1.000,0.00000,0.00000,0,0,59.90,134.51,none
167.765,AUTO DEMO / SYNTHETIC RMS,0.002150,0.002144,0.004144,1.000,0.00000,0.00000,0,0,59.78,136.51,none
168.015,AUTO DEMO / SYNTHETIC RMS,0.002018,0.002144,0.004144,1.000,0.00000,0.00000,0,0,59.91,140.51,none
168.265,AUTO DEMO / SYNTHETIC RMS,0.002128,0.002144,0.004144,1.000,0.00000,0.00000,0,0,59.84,142.51,none
168.515,AUTO DEMO / SYNTHETIC RMS,0.001876,0.002144,0.004144,1.000,0.00000,0.00000,0,0,59.90,146.51,none
168.765,AUTO DEMO / SYNTHETIC RMS,0.001975,0.002144,0.004144,1.000,0.00000,0.00000,0,0,59.99,148.51,none
169.013,AUTO DEMO / SYNTHETIC RMS,0.002145,0.002144,0.004144,1.000,0.00000,0.00000,0,0,58.42,152.51,none
169.256,AUTO DEMO / SYNTHETIC RMS,0.001913,0.002144,0.004144,1.000,0.00000,0.00000,0,0,50.65,154.51,none
169.501,AUTO DEMO / SYNTHETIC RMS,0.001921,0.002144,0.004144,1.000,0.00000,0.00000,0,0,48.91,156.51,none
169.750,AUTO DEMO / SYNTHETIC RMS,0.002149,0.002144,0.004144,1.000,0.00000,0.00000,0,0,54.46,158.51,none
170.001,AUTO DEMO / SYNTHETIC RMS,0.001955,0.002144,0.004144,1.000,0.00000,0.00000,0,0,57.27,162.51,none
170.253,AUTO DEMO / SYNTHETIC RMS,0.001889,0.002144,0.004144,1.000,0.00000,0.00000,0,0,58.53,164.51,none
170.502,AUTO DEMO / SYNTHETIC RMS,0.002138,0.002144,0.004144,1.000,0.00000,0.00000,0,0,59.39,168.51,none
170.752,AUTO DEMO / SYNTHETIC RMS,0.001996,0.002144,0.004144,1.000,0.00000,0.00000,0,0,59.64,172.51,none
171.002,AUTO DEMO / SYNTHETIC RMS,0.001865,0.002144,0.004144,1.000,0.00000,0.00000,0,0,59.96,174.51,none
171.252,AUTO DEMO / SYNTHETIC RMS,0.002116,0.002144,0.004144,1.000,0.00000,0.00000,0,0,59.93,178.51,none
171.503,AUTO DEMO / SYNTHETIC RMS,0.002038,0.002144,0.004144,1.000,0.00000,0.00000,0,0,59.88,180.51,none
171.758,AUTO DEMO / SYNTHETIC RMS,0.001854,0.002144,0.004144,1.000,0.00000,0.00000,0,0,59.29,184.51,none
172.009,AUTO DEMO / SYNTHETIC RMS,0.002091,0.002144,0.004144,1.000,0.00000,0.00000,0,0,59.59,186.51,none
172.258,AUTO DEMO / SYNTHETIC RMS,0.002071,0.002144,0.004144,1.000,0.00000,0.00000,0,0,59.90,190.51,none
172.509,AUTO DEMO / SYNTHETIC RMS,0.001850,0.002144,0.004144,1.000,0.00000,0.00000,0,0,59.87,192.51,none
172.758,AUTO DEMO / SYNTHETIC RMS,0.002054,0.002144,0.004144,1.000,0.00000,0.00000,0,0,60.04,196.51,none
173.009,AUTO DEMO / SYNTHETIC RMS,0.002104,0.002144,0.004144,1.000,0.00000,0.00000,0,0,59.94,198.51,none
173.258,AUTO DEMO / SYNTHETIC RMS,0.001859,0.002144,0.004144,1.000,0.00000,0.00000,0,0,60.15,202.51,none
173.510,AUTO DEMO / SYNTHETIC RMS,0.002014,0.002144,0.004144,1.000,0.00000,0.00000,0,0,59.89,204.51,none
173.778,AUTO DEMO / SYNTHETIC RMS,0.002118,0.002144,0.004144,1.000,0.00000,0.00000,0,0,50.02,206.51,none
174.003,AUTO DEMO / SYNTHETIC RMS,0.015082,0.002144,0.004144,1.000,0.18230,0.02890,0,0,49.72,210.51,none
174.253,AUTO DEMO / SYNTHETIC RMS,0.016725,0.002144,0.004144,1.000,0.20968,0.18620,6,1,54.71,212.51,none
174.509,AUTO DEMO / SYNTHETIC RMS,0.018717,0.002144,0.004144,1.000,0.24289,0.23146,14,1,56.69,216.51,none
174.762,AUTO DEMO / SYNTHETIC RMS,0.018789,0.002144,0.004144,1.000,0.24408,0.24515,23,1,58.06,218.51,none
175.011,AUTO DEMO / SYNTHETIC RMS,0.017390,0.002144,0.004144,1.000,0.22077,0.24028,32,1,59.14,222.51,none
175.261,AUTO DEMO / SYNTHETIC RMS,0.015756,0.002144,0.004144,1.000,0.19353,0.22733,40,1,59.56,224.51,none
175.511,AUTO DEMO / SYNTHETIC RMS,0.014981,0.002144,0.004144,1.000,0.18062,0.21152,49,1,59.84,228.51,none
175.762,AUTO DEMO / SYNTHETIC RMS,0.016176,0.002144,0.004144,1.000,0.20053,0.20338,56,1,59.89,230.51,none
176.002,AUTO DEMO / SYNTHETIC RMS,0.018255,0.002144,0.004144,1.000,0.23519,0.22390,64,1,58.77,234.51,none
176.252,AUTO DEMO / SYNTHETIC RMS,0.018994,0.002144,0.004144,1.000,0.24749,0.24471,68,1,59.44,236.51,none
176.502,AUTO DEMO / SYNTHETIC RMS,0.017913,0.002144,0.004144,1.000,0.22949,0.24292,77,0,59.72,240.51,none
176.754,AUTO DEMO / SYNTHETIC RMS,0.016237,0.002144,0.004144,1.000,0.20155,0.23214,78,0,59.53,242.51,none
177.003,AUTO DEMO / SYNTHETIC RMS,0.015048,0.002144,0.004144,1.000,0.18174,0.21633,79,0,59.93,246.51,none
177.253,AUTO DEMO / SYNTHETIC RMS,0.015584,0.002144,0.004144,1.000,0.19067,0.20446,83,0,60.01,248.51,none
177.504,AUTO DEMO / SYNTHETIC RMS,0.017707,0.002144,0.004144,1.000,0.22606,0.21534,84,0,59.98,28.51,none
177.753,AUTO DEMO / SYNTHETIC RMS,0.019008,0.002144,0.004144,1.000,0.24774,0.24167,84,0,60.03,32.51,none
178.003,AUTO DEMO / SYNTHETIC RMS,0.066972,0.002144,0.004144,1.000,1.00000,0.35196,83,0,60.07,34.51,none
178.254,AUTO DEMO / SYNTHETIC RMS,0.070573,0.002144,0.004144,1.000,1.00000,0.94712,96,1,59.97,38.51,none
178.504,AUTO DEMO / SYNTHETIC RMS,0.076964,0.002144,0.004144,1.000,1.00000,0.99566,115,1,59.99,40.51,none
178.754,AUTO DEMO / SYNTHETIC RMS,0.082591,0.002144,0.004144,1.000,1.00000,0.99964,133,1,60.03,44.51,none
179.004,AUTO DEMO / SYNTHETIC RMS,0.085007,0.002144,0.004144,1.000,1.00000,0.99997,151,2,59.92,46.51,none
179.253,AUTO DEMO / SYNTHETIC RMS,0.082576,0.002144,0.004144,1.000,1.00000,1.00000,168,2,60.09,50.51,none
179.504,AUTO DEMO / SYNTHETIC RMS,0.076283,0.002144,0.004144,1.000,1.00000,1.00000,179,2,59.92,54.51,none
179.762,AUTO DEMO / SYNTHETIC RMS,0.069984,0.002144,0.004144,1.000,1.00000,1.00000,178,2,59.32,56.51,none
180.013,AUTO DEMO / SYNTHETIC RMS,0.067181,0.002144,0.004144,1.000,1.00000,1.00000,179,3,59.67,60.51,none
180.264,AUTO DEMO / SYNTHETIC RMS,0.068804,0.002144,0.004144,1.000,1.00000,1.00000,179,3,59.74,64.51,none
180.502,AUTO DEMO / SYNTHETIC RMS,0.074201,0.002144,0.004144,1.000,1.00000,1.00000,179,2,59.20,66.51,none
180.750,AUTO DEMO / SYNTHETIC RMS,0.080868,0.002144,0.004144,1.000,1.00000,1.00000,178,2,59.84,70.51,none
181.001,AUTO DEMO / SYNTHETIC RMS,0.084632,0.002144,0.004144,1.000,1.00000,1.00000,178,3,59.87,72.51,none
181.250,AUTO DEMO / SYNTHETIC RMS,0.083869,0.002144,0.004144,1.000,1.00000,1.00000,179,3,60.05,76.51,none
181.502,AUTO DEMO / SYNTHETIC RMS,0.079107,0.002144,0.004144,1.000,1.00000,1.00000,179,2,59.88,80.51,none
181.752,AUTO DEMO / SYNTHETIC RMS,0.072360,0.002144,0.004144,1.000,1.00000,1.00000,179,2,59.84,82.51,none
182.000,AUTO DEMO / SYNTHETIC RMS,0.067614,0.002144,0.004144,1.000,1.00000,1.00000,177,3,60.13,86.51,none
182.252,AUTO DEMO / SYNTHETIC RMS,0.067646,0.002144,0.004144,1.000,1.00000,1.00000,180,2,59.86,90.51,none
182.502,AUTO DEMO / SYNTHETIC RMS,0.071899,0.002144,0.004144,1.000,1.00000,1.00000,180,2,59.91,92.51,none
182.752,AUTO DEMO / SYNTHETIC RMS,0.078284,0.002144,0.004144,1.000,1.00000,1.00000,175,2,59.88,96.51,none
183.001,AUTO DEMO / SYNTHETIC RMS,0.083767,0.002144,0.004144,1.000,1.00000,1.00000,178,3,59.96,98.51,none
183.251,AUTO DEMO / SYNTHETIC RMS,0.084892,0.002144,0.004144,1.000,1.00000,1.00000,179,2,59.98,102.51,none
183.501,AUTO DEMO / SYNTHETIC RMS,0.081079,0.002144,0.004144,1.000,1.00000,1.00000,177,2,60.01,106.51,none
183.752,AUTO DEMO / SYNTHETIC RMS,0.074868,0.002144,0.004144,1.000,1.00000,1.00000,180,2,59.91,108.51,none
184.008,AUTO DEMO / SYNTHETIC RMS,0.002101,0.002144,0.004144,1.000,0.00000,0.95743,178,3,58.85,112.51,none
184.260,AUTO DEMO / SYNTHETIC RMS,0.001857,0.002144,0.004144,1.000,0.00000,0.60572,179,2,59.29,116.51,none
184.509,AUTO DEMO / SYNTHETIC RMS,0.002019,0.002144,0.004144,1.000,0.00000,0.38473,167,2,59.72,118.51,none
184.760,AUTO DEMO / SYNTHETIC RMS,0.002127,0.002144,0.004144,1.000,0.00000,0.24404,157,2,59.82,122.51,none
185.010,AUTO DEMO / SYNTHETIC RMS,0.001874,0.002144,0.004144,1.000,0.00000,0.15476,153,2,59.79,124.51,none
185.260,AUTO DEMO / SYNTHETIC RMS,0.001977,0.002144,0.004144,1.000,0.00000,0.09831,146,1,59.93,128.51,none
185.509,AUTO DEMO / SYNTHETIC RMS,0.002144,0.002144,0.004144,1.000,0.00000,0.06247,134,1,60.05,132.51,none
185.760,AUTO DEMO / SYNTHETIC RMS,0.001902,0.002144,0.004144,1.000,0.00000,0.03957,123,1,59.86,134.51,none
186.010,AUTO DEMO / SYNTHETIC RMS,0.001937,0.002144,0.004144,1.000,0.00000,0.02514,99,1,59.97,138.51,none
186.259,AUTO DEMO / SYNTHETIC RMS,0.002150,0.002144,0.004144,1.000,0.00000,0.01597,83,0,60.05,140.51,none
186.517,AUTO DEMO / SYNTHETIC RMS,0.001930,0.002144,0.004144,1.000,0.00000,0.01000,63,0,57.38,144.53,none
186.767,AUTO DEMO / SYNTHETIC RMS,0.001908,0.002144,0.004144,1.000,0.00000,0.00634,48,0,58.69,146.51,none
187.000,AUTO DEMO / SYNTHETIC RMS,0.002140,0.002144,0.004144,1.000,0.00000,0.00415,43,0,59.38,150.51,none
187.268,AUTO DEMO / SYNTHETIC RMS,0.001970,0.002144,0.004144,1.000,0.00000,0.00255,33,0,59.58,152.51,none
187.509,AUTO DEMO / SYNTHETIC RMS,0.001873,0.002144,0.004144,1.000,0.00000,0.00165,24,0,58.70,156.51,none
187.758,AUTO DEMO / SYNTHETIC RMS,0.002125,0.002144,0.004144,1.000,0.00000,0.00105,15,0,59.54,158.51,none
188.009,AUTO DEMO / SYNTHETIC RMS,0.002023,0.002144,0.004144,1.000,0.00000,0.00000,9,0,59.66,162.51,none
188.254,AUTO DEMO / SYNTHETIC RMS,0.001854,0.002144,0.004144,1.000,0.00000,0.00000,6,0,56.55,164.51,none
188.504,AUTO DEMO / SYNTHETIC RMS,0.002093,0.002144,0.004144,1.000,0.00000,0.00000,2,0,58.36,168.51,none
188.755,AUTO DEMO / SYNTHETIC RMS,0.002068,0.002144,0.004144,1.000,0.00000,0.00000,2,0,59.07,170.51,none
189.004,AUTO DEMO / SYNTHETIC RMS,0.001850,0.002144,0.004144,1.000,0.00000,0.00000,0,0,59.54,174.51,none
189.255,AUTO DEMO / SYNTHETIC RMS,0.002057,0.002144,0.004144,1.000,0.00000,0.00000,0,0,59.72,176.51,none
189.511,AUTO DEMO / SYNTHETIC RMS,0.002096,0.002144,0.004144,1.000,0.00000,0.00000,0,0,58.97,180.51,none
189.763,AUTO DEMO / SYNTHETIC RMS,0.001855,0.002144,0.004144,1.000,0.00000,0.00000,0,0,59.35,182.51,none
190.012,AUTO DEMO / SYNTHETIC RMS,0.002025,0.002144,0.004144,1.000,0.00000,0.00000,0,0,59.85,186.51,none
190.263,AUTO DEMO / SYNTHETIC RMS,0.002123,0.002144,0.004144,1.000,0.00000,0.00000,0,0,59.80,188.51,none
190.514,AUTO DEMO / SYNTHETIC RMS,0.001870,0.002144,0.004144,1.000,0.00000,0.00000,0,0,59.71,192.51,none
190.764,AUTO DEMO / SYNTHETIC RMS,0.001985,0.002144,0.004144,1.000,0.00000,0.00000,0,0,59.83,194.51,none
191.015,AUTO DEMO / SYNTHETIC RMS,0.002141,0.002144,0.004144,1.000,0.00000,0.00000,0,0,59.74,198.51,none
191.265,AUTO DEMO / SYNTHETIC RMS,0.001896,0.002144,0.004144,1.000,0.00000,0.00000,0,0,59.84,200.51,none
191.500,AUTO DEMO / SYNTHETIC RMS,0.001929,0.002144,0.004144,1.000,0.00000,0.00000,0,0,59.52,204.51,none
191.755,AUTO DEMO / SYNTHETIC RMS,0.002150,0.002144,0.004144,1.000,0.00000,0.00000,0,0,59.12,206.51,none
192.022,AUTO DEMO / SYNTHETIC RMS,0.002026,0.002144,0.004144,1.000,0.00000,0.00000,0,0,47.77,208.51,none
192.261,AUTO DEMO / SYNTHETIC RMS,0.002130,0.002144,0.004144,1.000,0.00000,0.00000,0,0,52.65,212.51,none
192.512,AUTO DEMO / SYNTHETIC RMS,0.001878,0.002144,0.004144,1.000,0.00000,0.00000,0,0,56.26,214.51,none
192.762,AUTO DEMO / SYNTHETIC RMS,0.001972,0.002144,0.004144,1.000,0.00000,0.00000,0,0,58.28,218.51,none
193.012,AUTO DEMO / SYNTHETIC RMS,0.002146,0.002144,0.004144,1.000,0.00000,0.00000,0,0,59.17,220.51,none
193.261,AUTO DEMO / SYNTHETIC RMS,0.001908,0.002144,0.004144,1.000,0.00000,0.00000,0,0,59.72,224.51,none
193.512,AUTO DEMO / SYNTHETIC RMS,0.001932,0.002144,0.004144,1.000,0.00000,0.00000,0,0,59.78,226.51,none
193.762,AUTO DEMO / SYNTHETIC RMS,0.002150,0.002144,0.004144,1.000,0.00000,0.00000,0,0,59.82,230.51,none
194.011,AUTO DEMO / SYNTHETIC RMS,0.001945,0.002144,0.004144,1.000,0.00000,0.00000,0,0,60.18,234.51,none
194.261,AUTO DEMO / SYNTHETIC RMS,0.001897,0.002144,0.004144,1.000,0.00000,0.00000,0,0,60.05,236.51,none
194.512,AUTO DEMO / SYNTHETIC RMS,0.002142,0.002144,0.004144,1.000,0.00000,0.00000,0,0,59.98,240.51,none
194.764,AUTO DEMO / SYNTHETIC RMS,0.001982,0.002144,0.004144,1.000,0.00000,0.00000,0,0,59.79,242.51,none
195.014,AUTO DEMO / SYNTHETIC RMS,0.001872,0.002142,0.004142,1.000,0.00000,0.00000,0,0,59.95,246.51,none
195.259,AUTO DEMO / SYNTHETIC RMS,0.002121,0.002142,0.004142,1.000,0.00000,0.00000,0,0,58.11,248.51,none
195.508,AUTO DEMO / SYNTHETIC RMS,0.002031,0.002142,0.004142,1.000,0.00000,0.00000,0,0,59.16,24.50,none
195.760,AUTO DEMO / SYNTHETIC RMS,0.001854,0.002142,0.004142,1.000,0.00000,0.00000,0,0,59.38,30.50,none
196.010,AUTO DEMO / SYNTHETIC RMS,0.002093,0.002142,0.004142,1.000,0.00000,0.00000,0,0,59.61,34.50,none
196.260,AUTO DEMO / SYNTHETIC RMS,0.002069,0.002142,0.004142,1.000,0.00000,0.00000,0,0,59.74,36.50,none
196.509,AUTO DEMO / SYNTHETIC RMS,0.001850,0.002142,0.004142,1.000,0.00000,0.00000,0,0,60.01,40.50,none
196.764,AUTO DEMO / SYNTHETIC RMS,0.002061,0.002142,0.004142,1.000,0.00000,0.00000,0,0,59.61,42.50,none
197.015,AUTO DEMO / SYNTHETIC RMS,0.002099,0.002142,0.004142,1.000,0.00000,0.00000,0,0,59.76,46.50,none
197.265,AUTO DEMO / SYNTHETIC RMS,0.001856,0.002142,0.004142,1.000,0.00000,0.00000,0,0,60.02,48.50,none
197.508,AUTO DEMO / SYNTHETIC RMS,0.002012,0.002142,0.004142,1.000,0.00000,0.00000,0,0,51.02,50.50,none
197.761,AUTO DEMO / SYNTHETIC RMS,0.002129,0.002142,0.004142,1.000,0.00000,0.00000,0,0,48.11,52.50,none
198.008,AUTO DEMO / SYNTHETIC RMS,0.015096,0.002142,0.004142,1.000,0.18256,0.02961,0,0,49.23,56.50,none
198.261,AUTO DEMO / SYNTHETIC RMS,0.016798,0.002142,0.004142,1.000,0.21093,0.18767,6,1,54.07,58.50,none
198.507,AUTO DEMO / SYNTHETIC RMS,0.018705,0.002142,0.004142,1.000,0.24271,0.23121,14,1,55.13,62.50,none
198.757,AUTO DEMO / SYNTHETIC RMS,0.018804,0.002142,0.004142,1.000,0.24436,0.24519,23,1,57.56,64.50,none
199.008,AUTO DEMO / SYNTHETIC RMS,0.017414,0.002142,0.004142,1.000,0.22119,0.24043,32,1,58.78,68.50,none
199.256,AUTO DEMO / SYNTHETIC RMS,0.015786,0.002142,0.004142,1.000,0.19406,0.22769,40,1,59.59,70.50,none
199.506,AUTO DEMO / SYNTHETIC RMS,0.014979,0.002142,0.004142,1.000,0.18062,0.21186,48,1,59.97,74.50,none
199.757,AUTO DEMO / SYNTHETIC RMS,0.016141,0.002142,0.004142,1.000,0.19997,0.20342,56,1,59.82,76.50,none
200.009,AUTO DEMO / SYNTHETIC RMS,0.018303,0.002142,0.004142,1.000,0.23601,0.22472,64,1,59.69,80.50,none
200.263,AUTO DEMO / SYNTHETIC RMS,0.018976,0.002142,0.004142,1.000,0.24722,0.24501,71,1,59.13,82.50,none
200.515,AUTO DEMO / SYNTHETIC RMS,0.017826,0.002142,0.004142,1.000,0.22806,0.24254,74,0,56.98,86.50,none
200.765,AUTO DEMO / SYNTHETIC RMS,0.016161,0.002142,0.004142,1.000,0.20031,0.23146,80,0,58.55,88.50,none
201.018,AUTO DEMO / SYNTHETIC RMS,0.015020,0.002142,0.004142,1.000,0.18130,0.21540,81,0,59.03,92.50,none
201.252,AUTO DEMO / SYNTHETIC RMS,0.015579,0.002142,0.004142,1.000,0.19060,0.20495,81,0,42.30,94.50,none
201.501,AUTO DEMO / SYNTHETIC RMS,0.017684,0.002142,0.004142,1.000,0.22569,0.21512,87,0,50.36,96.50,none
201.750,AUTO DEMO / SYNTHETIC RMS,0.019005,0.002142,0.004142,1.000,0.24771,0.24150,87,0,55.24,100.50,none
202.001,AUTO DEMO / SYNTHETIC RMS,0.066963,0.002142,0.004142,1.000,1.00000,0.36110,88,0,57.62,104.50,none
202.261,AUTO DEMO / SYNTHETIC RMS,0.070727,0.002142,0.004142,1.000,1.00000,0.95228,95,1,52.46,106.50,none
202.510,AUTO DEMO / SYNTHETIC RMS,0.077132,0.002142,0.004142,1.000,1.00000,0.99607,116,1,56.26,108.50,none
202.760,AUTO DEMO / SYNTHETIC RMS,0.082708,0.002142,0.004142,1.000,1.00000,0.99968,136,1,58.17,112.50,none
203.013,AUTO DEMO / SYNTHETIC RMS,0.085009,0.002142,0.004142,1.000,1.00000,0.99997,159,2,58.78,116.50,none
203.263,AUTO DEMO / SYNTHETIC RMS,0.082374,0.002142,0.004142,1.000,1.00000,1.00000,170,2,59.41,118.50,none
203.508,AUTO DEMO / SYNTHETIC RMS,0.076187,0.002142,0.004142,1.000,1.00000,1.00000,180,2,57.96,122.50,none
203.757,AUTO DEMO / SYNTHETIC RMS,0.070078,0.002142,0.004142,1.000,1.00000,1.00000,180,2,59.10,124.50,none
204.007,AUTO DEMO / SYNTHETIC RMS,0.067197,0.002142,0.004142,1.000,1.00000,1.00000,178,3,59.57,128.50,none
204.257,AUTO DEMO / SYNTHETIC RMS,0.068709,0.002142,0.004142,1.000,1.00000,1.00000,178,3,59.80,132.50,none
204.508,AUTO DEMO / SYNTHETIC RMS,0.074374,0.002142,0.004142,1.000,1.00000,1.00000,179,2,59.79,134.50,none
204.758,AUTO DEMO / SYNTHETIC RMS,0.081036,0.002142,0.004142,1.000,1.00000,1.00000,179,2,60.01,138.50,none
205.007,AUTO DEMO / SYNTHETIC RMS,0.084670,0.002142,0.004142,1.000,1.00000,1.00000,178,3,60.06,142.50,none
205.259,AUTO DEMO / SYNTHETIC RMS,0.083765,0.002142,0.004142,1.000,1.00000,1.00000,171,3,59.82,144.50,none
205.508,AUTO DEMO / SYNTHETIC RMS,0.078936,0.002142,0.004142,1.000,1.00000,1.00000,178,2,60.03,148.50,none
205.759,AUTO DEMO / SYNTHETIC RMS,0.072188,0.002142,0.004142,1.000,1.00000,1.00000,177,2,59.99,150.50,none
206.009,AUTO DEMO / SYNTHETIC RMS,0.067529,0.002142,0.004142,1.000,1.00000,1.00000,180,3,59.93,154.50,none
206.259,AUTO DEMO / SYNTHETIC RMS,0.067720,0.002142,0.004142,1.000,1.00000,1.00000,178,2,59.91,158.50,none
206.503,AUTO DEMO / SYNTHETIC RMS,0.071925,0.002142,0.004142,1.000,1.00000,1.00000,179,2,58.34,160.50,none
206.754,AUTO DEMO / SYNTHETIC RMS,0.078338,0.002142,0.004142,1.000,1.00000,1.00000,174,2,59.10,164.50,none
207.004,AUTO DEMO / SYNTHETIC RMS,0.083803,0.002142,0.004142,1.000,1.00000,1.00000,178,3,59.57,166.50,none
207.253,AUTO DEMO / SYNTHETIC RMS,0.084879,0.002142,0.004142,1.000,1.00000,1.00000,179,2,59.84,170.50,none
207.504,AUTO DEMO / SYNTHETIC RMS,0.081025,0.002142,0.004142,1.000,1.00000,1.00000,179,2,59.89,174.50,none
207.753,AUTO DEMO / SYNTHETIC RMS,0.074835,0.002142,0.004142,1.000,1.00000,1.00000,177,2,60.06,176.50,none
208.004,AUTO DEMO / SYNTHETIC RMS,0.002105,0.002142,0.004142,1.000,0.00000,0.96879,179,3,59.93,180.50,none
208.252,AUTO DEMO / SYNTHETIC RMS,0.001859,0.002142,0.004142,1.000,0.00000,0.61652,173,2,54.90,182.50,none
208.501,AUTO DEMO / SYNTHETIC RMS,0.002009,0.002142,0.004142,1.000,0.00000,0.39252,164,2,55.70,186.50,none
208.751,AUTO DEMO / SYNTHETIC RMS,0.002132,0.002142,0.004142,1.000,0.00000,0.24901,156,2,57.87,190.50,none
209.001,AUTO DEMO / SYNTHETIC RMS,0.001881,0.002142,0.004142,1.000,0.00000,0.15820,142,2,59.07,192.50,none
209.251,AUTO DEMO / SYNTHETIC RMS,0.001967,0.002142,0.004142,1.000,0.00000,0.10037,138,1,59.55,196.50,none
209.501,AUTO DEMO / SYNTHETIC RMS,0.002147,0.002142,0.004142,1.000,0.00000,0.06369,126,1,59.77,198.50,none
209.751,AUTO DEMO / SYNTHETIC RMS,0.001910,0.002142,0.004142,1.000,0.00000,0.04040,117,1,59.83,202.50,none
210.001,AUTO DEMO / SYNTHETIC RMS,0.001927,0.002142,0.004142,1.000,0.00000,0.02566,112,1,59.96,206.50,none
210.251,AUTO DEMO / SYNTHETIC RMS,0.002150,0.002142,0.004142,1.000,0.00000,0.01629,93,0,59.98,208.50,none
210.502,AUTO DEMO / SYNTHETIC RMS,0.001947,0.002142,0.004142,1.000,0.00000,0.01032,74,0,59.82,212.50,none
210.750,AUTO DEMO / SYNTHETIC RMS,0.001893,0.002142,0.004142,1.000,0.00000,0.00657,52,0,60.12,214.50,none
211.001,AUTO DEMO / SYNTHETIC RMS,0.002140,0.002142,0.004142,1.000,0.00000,0.00417,40,0,59.99,218.50,none
211.257,AUTO DEMO / SYNTHETIC RMS,0.001982,0.002142,0.004142,1.000,0.00000,0.00261,26,0,51.80,220.50,none
211.508,AUTO DEMO / SYNTHETIC RMS,0.001873,0.002142,0.004142,1.000,0.00000,0.00166,17,0,55.85,222.50,none
211.758,AUTO DEMO / SYNTHETIC RMS,0.002125,0.002142,0.004142,1.000,0.00000,0.00105,13,0,58.03,226.50,none
212.010,AUTO DEMO / SYNTHETIC RMS,0.002021,0.002142,0.004142,1.000,0.00000,0.00000,10,0,58.91,230.50,none
212.260,AUTO DEMO / SYNTHETIC RMS,0.001856,0.002142,0.004142,1.000,0.00000,0.00000,6,0,59.50,232.50,none
212.510,AUTO DEMO / SYNTHETIC RMS,0.002099,0.002142,0.004142,1.000,0.00000,0.00000,3,0,59.76,236.50,none
212.760,AUTO DEMO / SYNTHETIC RMS,0.002062,0.002142,0.004142,1.000,0.00000,0.00000,2,0,59.96,238.50,none
213.010,AUTO DEMO / SYNTHETIC RMS,0.001850,0.002142,0.004142,1.000,0.00000,0.00000,0,0,60.00,242.50,none
213.259,AUTO DEMO / SYNTHETIC RMS,0.002062,0.002142,0.004142,1.000,0.00000,0.00000,0,0,60.21,244.50,none
213.510,AUTO DEMO / SYNTHETIC RMS,0.002097,0.002142,0.004142,1.000,0.00000,0.00000,0,0,60.01,248.50,none
213.765,AUTO DEMO / SYNTHETIC RMS,0.001854,0.002142,0.004142,1.000,0.00000,0.00000,0,0,59.16,250.50,none
214.016,AUTO DEMO / SYNTHETIC RMS,0.002030,0.002142,0.004142,1.000,0.00000,0.00000,0,0,59.44,30.50,none
214.267,AUTO DEMO / SYNTHETIC RMS,0.002121,0.002142,0.004142,1.000,0.00000,0.00000,0,0,59.65,32.50,none
214.515,AUTO DEMO / SYNTHETIC RMS,0.001870,0.002142,0.004142,1.000,0.00000,0.00000,0,0,60.06,36.50,none
214.766,AUTO DEMO / SYNTHETIC RMS,0.001987,0.002142,0.004142,1.000,0.00000,0.00000,0,0,60.01,38.50,none
215.016,AUTO DEMO / SYNTHETIC RMS,0.002141,0.002142,0.004142,1.000,0.00000,0.00000,0,0,60.00,42.50,none
215.257,AUTO DEMO / SYNTHETIC RMS,0.001903,0.002142,0.004142,1.000,0.00000,0.00000,0,0,57.51,44.50,none
215.507,AUTO DEMO / SYNTHETIC RMS,0.001937,0.002142,0.004142,1.000,0.00000,0.00000,0,0,58.72,48.50,none
215.757,AUTO DEMO / SYNTHETIC RMS,0.002150,0.002142,0.004142,1.000,0.00000,0.00000,0,0,59.41,50.50,none
216.006,AUTO DEMO / SYNTHETIC RMS,0.002007,0.002142,0.004142,1.000,0.00000,0.00000,0,0,59.95,54.50,none
216.256,AUTO DEMO / SYNTHETIC RMS,0.002133,0.002142,0.004142,1.000,0.00000,0.00000,0,0,60.02,56.50,none
216.501,AUTO DEMO / SYNTHETIC RMS,0.001886,0.002142,0.004142,1.000,0.00000,0.00000,0,0,56.47,58.50,none
216.766,AUTO DEMO / SYNTHETIC RMS,0.001977,0.002142,0.004142,1.000,0.00000,0.00000,0,0,57.03,62.50,none
217.016,AUTO DEMO / SYNTHETIC RMS,0.002144,0.002142,0.004142,1.000,0.00000,0.00000,0,0,58.60,64.50,none
217.266,AUTO DEMO / SYNTHETIC RMS,0.001903,0.002142,0.004142,1.000,0.00000,0.00000,0,0,59.27,68.50,none
217.517,AUTO DEMO / SYNTHETIC RMS,0.001937,0.002142,0.004142,1.000,0.00000,0.00000,0,0,59.59,70.50,none
217.766,AUTO DEMO / SYNTHETIC RMS,0.002150,0.002142,0.004142,1.000,0.00000,0.00000,0,0,59.86,74.50,none
218.001,AUTO DEMO / SYNTHETIC RMS,0.001956,0.002142,0.004142,1.000,0.00000,0.00000,0,0,59.71,76.50,none
218.266,AUTO DEMO / SYNTHETIC RMS,0.001901,0.002142,0.004142,1.000,0.00000,0.00000,0,0,59.95,80.50,none
218.516,AUTO DEMO / SYNTHETIC RMS,0.002144,0.002142,0.004142,1.000,0.00000,0.00000,0,0,59.94,84.50,none
218.766,AUTO DEMO / SYNTHETIC RMS,0.001979,0.002142,0.004142,1.000,0.00000,0.00000,0,0,59.94,86.50,none
219.017,AUTO DEMO / SYNTHETIC RMS,0.001874,0.002144,0.004144,1.000,0.00000,0.00000,0,0,59.89,90.50,none
219.250,AUTO DEMO / SYNTHETIC RMS,0.002115,0.002144,0.004144,1.000,0.00000,0.00000,0,0,59.95,92.50,none
219.501,AUTO DEMO / SYNTHETIC RMS,0.002040,0.002144,0.004144,1.000,0.00000,0.00000,0,0,59.88,96.50,none
219.750,AUTO DEMO / SYNTHETIC RMS,0.001852,0.002144,0.004144,1.000,0.00000,0.00000,0,0,59.96,98.50,none
220.016,AUTO DEMO / SYNTHETIC RMS,0.002099,0.002144,0.004144,1.000,0.00000,0.00000,0,0,60.06,102.50,none
220.268,AUTO DEMO / SYNTHETIC RMS,0.002061,0.002144,0.004144,1.000,0.00000,0.00000,0,0,59.84,104.50,none
220.516,AUTO DEMO / SYNTHETIC RMS,0.001850,0.002144,0.004144,1.000,0.00000,0.00000,0,0,60.04,108.50,none
220.767,AUTO DEMO / SYNTHETIC RMS,0.002063,0.002144,0.004144,1.000,0.00000,0.00000,0,0,60.03,110.50,none
221.000,AUTO DEMO / SYNTHETIC RMS,0.002111,0.002144,0.004144,1.000,0.00000,0.00000,0,0,59.94,114.50,none
221.251,AUTO DEMO / SYNTHETIC RMS,0.001862,0.002144,0.004144,1.000,0.00000,0.00000,0,0,59.85,116.50,none
221.500,AUTO DEMO / SYNTHETIC RMS,0.002003,0.002144,0.004144,1.000,0.00000,0.00000,0,0,59.99,120.50,none
221.750,AUTO DEMO / SYNTHETIC RMS,0.002135,0.002144,0.004144,1.000,0.00000,0.00000,0,0,60.02,122.50,none
222.000,AUTO DEMO / SYNTHETIC RMS,0.015075,0.002144,0.004144,1.000,0.18219,0.02727,0,0,59.96,126.50,none
222.255,AUTO DEMO / SYNTHETIC RMS,0.016739,0.002144,0.004144,1.000,0.20992,0.18679,6,1,59.38,128.50,none
222.505,AUTO DEMO / SYNTHETIC RMS,0.018700,0.002144,0.004144,1.000,0.24260,0.23102,14,1,59.62,132.50,none
222.755,AUTO DEMO / SYNTHETIC RMS,0.018813,0.002144,0.004144,1.000,0.24449,0.24518,23,1,59.95,134.50,none
223.005,AUTO DEMO / SYNTHETIC RMS,0.017431,0.002144,0.004144,1.000,0.22146,0.24051,32,1,60.00,138.50,none
223.256,AUTO DEMO / SYNTHETIC RMS,0.015787,0.002144,0.004144,1.000,0.19405,0.22767,40,1,59.83,140.50,none
223.506,AUTO DEMO / SYNTHETIC RMS,0.014979,0.002144,0.004144,1.000,0.18059,0.21183,48,1,59.90,144.50,none
223.755,AUTO DEMO / SYNTHETIC RMS,0.016122,0.002144,0.004144,1.000,0.19964,0.20341,56,1,60.08,146.50,none
224.006,AUTO DEMO / SYNTHETIC RMS,0.018282,0.002144,0.004144,1.000,0.23563,0.22431,64,1,59.94,150.50,none
224.255,AUTO DEMO / SYNTHETIC RMS,0.018989,0.002144,0.004144,1.000,0.24741,0.24480,70,1,60.01,154.50,none
224.515,AUTO DEMO / SYNTHETIC RMS,0.017829,0.002144,0.004144,1.000,0.22810,0.24255,76,0,58.94,156.50,none
224.765,AUTO DEMO / SYNTHETIC RMS,0.016163,0.002144,0.004144,1.000,0.20032,0.23147,83,0,59.45,160.50,none
225.006,AUTO DEMO / SYNTHETIC RMS,0.015042,0.002144,0.004144,1.000,0.18163,0.21578,89,0,46.49,160.50,none
225.255,AUTO DEMO / SYNTHETIC RMS,0.015598,0.002144,0.004144,1.000,0.19091,0.20420,89,0,51.26,164.50,none
225.507,AUTO DEMO / SYNTHETIC RMS,0.017742,0.002144,0.004144,1.000,0.22664,0.21581,90,0,55.35,166.50,none
225.758,AUTO DEMO / SYNTHETIC RMS,0.019012,0.002144,0.004144,1.000,0.24781,0.24196,82,0,57.67,170.50,none
226.008,AUTO DEMO / SYNTHETIC RMS,0.066993,0.002144,0.004144,1.000,1.00000,0.36605,83,0,58.90,174.50,none
226.257,AUTO DEMO / SYNTHETIC RMS,0.070656,0.002144,0.004144,1.000,1.00000,0.94779,96,1,59.50,176.50,none
226.514,AUTO DEMO / SYNTHETIC RMS,0.077241,0.002144,0.004144,1.000,1.00000,0.99600,116,1,57.44,180.50,none
226.757,AUTO DEMO / SYNTHETIC RMS,0.082656,0.002144,0.004144,1.000,1.00000,0.99965,133,1,57.54,182.50,none
227.013,AUTO DEMO / SYNTHETIC RMS,0.085008,0.002144,0.004144,1.000,1.00000,0.99997,154,2,55.36,186.50,none
227.252,AUTO DEMO / SYNTHETIC RMS,0.082595,0.002144,0.004144,1.000,1.00000,1.00000,172,2,55.56,188.50,none
227.501,AUTO DEMO / SYNTHETIC RMS,0.076370,0.002144,0.004144,1.000,1.00000,1.00000,178,2,58.02,192.50,none
227.751,AUTO DEMO / SYNTHETIC RMS,0.070195,0.002144,0.004144,1.000,1.00000,1.00000,180,2,59.13,194.50,none
228.002,AUTO DEMO / SYNTHETIC RMS,0.067213,0.002144,0.004144,1.000,1.00000,1.00000,179,3,59.42,198.50,none
228.253,AUTO DEMO / SYNTHETIC RMS,0.068638,0.002144,0.004144,1.000,1.00000,1.00000,178,3,59.62,202.50,none
228.503,AUTO DEMO / SYNTHETIC RMS,0.074219,0.002144,0.004144,1.000,1.00000,1.00000,178,2,59.79,204.50,none
228.753,AUTO DEMO / SYNTHETIC RMS,0.080935,0.002144,0.004144,1.000,1.00000,1.00000,178,2,59.85,208.50,none
229.003,AUTO DEMO / SYNTHETIC RMS,0.084644,0.002144,0.004144,1.000,1.00000,1.00000,177,3,59.93,210.50,none
229.282,AUTO DEMO / SYNTHETIC RMS,0.083470,0.002144,0.004144,1.000,1.00000,1.00000,177,3,55.21,214.50,none
229.507,AUTO DEMO / SYNTHETIC RMS,0.078955,0.002144,0.004144,1.000,1.00000,1.00000,178,2,56.65,216.50,none
229.768,AUTO DEMO / SYNTHETIC RMS,0.071956,0.002144,0.004144,1.000,1.00000,1.00000,176,2,57.37,220.50,none
230.001,AUTO DEMO / SYNTHETIC RMS,0.067607,0.002144,0.004144,1.000,1.00000,1.00000,177,3,58.67,224.50,none
230.253,AUTO DEMO / SYNTHETIC RMS,0.067663,0.002144,0.004144,1.000,1.00000,1.00000,179,2,53.64,226.50,none
230.508,AUTO DEMO / SYNTHETIC RMS,0.072040,0.002144,0.004144,1.000,1.00000,1.00000,179,2,56.44,230.50,none
230.764,AUTO DEMO / SYNTHETIC RMS,0.078614,0.002144,0.004144,1.000,1.00000,1.00000,179,2,54.25,232.50,none
231.016,AUTO DEMO / SYNTHETIC RMS,0.083975,0.002144,0.004144,1.000,1.00000,1.00000,178,3,57.08,236.50,none
231.263,AUTO DEMO / SYNTHETIC RMS,0.084811,0.002144,0.004144,1.000,1.00000,1.00000,179,2,53.73,238.50,none
231.514,AUTO DEMO / SYNTHETIC RMS,0.080786,0.002144,0.004144,1.000,1.00000,1.00000,179,2,56.78,242.50,none
231.765,AUTO DEMO / SYNTHETIC RMS,0.074536,0.002144,0.004144,1.000,1.00000,1.00000,180,2,58.38,244.50,none
232.015,AUTO DEMO / SYNTHETIC RMS,0.002095,0.002144,0.004144,1.000,0.00000,0.96866,178,3,59.15,248.50,none
232.264,AUTO DEMO / SYNTHETIC RMS,0.001855,0.002144,0.004144,1.000,0.00000,0.61564,175,2,59.65,24.51,none
232.514,AUTO DEMO / SYNTHETIC RMS,0.002025,0.002144,0.004144,1.000,0.00000,0.39070,160,2,59.81,30.51,none
232.756,AUTO DEMO / SYNTHETIC RMS,0.002129,0.002144,0.004144,1.000,0.00000,0.25174,154,2,58.84,34.51,none
233.006,AUTO DEMO / SYNTHETIC RMS,0.001877,0.002144,0.004144,1.000,0.00000,0.15971,145,2,59.40,36.51,none
233.255,AUTO DEMO / SYNTHETIC RMS,0.001972,0.002144,0.004144,1.000,0.00000,0.10160,136,1,59.88,40.52,none
233.506,AUTO DEMO / SYNTHETIC RMS,0.002145,0.002144,0.004144,1.000,0.00000,0.06439,124,1,59.85,42.51,none
233.753,AUTO DEMO / SYNTHETIC RMS,0.001909,0.002144,0.004144,1.000,0.00000,0.04109,114,1,55.14,46.51,none
234.002,AUTO DEMO / SYNTHETIC RMS,0.001929,0.002144,0.004144,1.000,0.00000,0.02614,105,1,57.86,48.51,none
234.253,AUTO DEMO / SYNTHETIC RMS,0.002150,0.002144,0.004144,1.000,0.00000,0.01655,85,0,58.87,52.51,none
234.503,AUTO DEMO / SYNTHETIC RMS,0.001945,0.002144,0.004144,1.000,0.00000,0.01051,67,0,59.49,56.51,none
234.756,AUTO DEMO / SYNTHETIC RMS,0.001898,0.002144,0.004144,1.000,0.00000,0.00664,51,0,59.43,58.51,none
235.005,AUTO DEMO / SYNTHETIC RMS,0.002142,0.002144,0.004144,1.000,0.00000,0.00422,39,0,59.77,62.51,none
235.255,AUTO DEMO / SYNTHETIC RMS,0.001984,0.002144,0.004144,1.000,0.00000,0.00268,29,0,59.87,64.51,none
235.505,AUTO DEMO / SYNTHETIC RMS,0.001871,0.002144,0.004144,1.000,0.00000,0.00170,18,0,59.95,68.51,none
235.755,AUTO DEMO / SYNTHETIC RMS,0.002123,0.002144,0.004144,1.000,0.00000,0.00108,15,0,59.93,70.51,none
236.005,AUTO DEMO / SYNTHETIC RMS,0.002027,0.002144,0.004144,1.000,0.00000,0.00000,11,0,60.04,74.51,none
236.256,AUTO DEMO / SYNTHETIC RMS,0.001855,0.002144,0.004144,1.000,0.00000,0.00000,5,0,59.95,76.51,none
236.505,AUTO DEMO / SYNTHETIC RMS,0.002094,0.002144,0.004144,1.000,0.00000,0.00000,2,0,60.05,80.51,none
236.756,AUTO DEMO / SYNTHETIC RMS,0.002065,0.002144,0.004144,1.000,0.00000,0.00000,1,0,59.82,82.51,none
237.005,AUTO DEMO / SYNTHETIC RMS,0.001850,0.002144,0.004144,1.000,0.00000,0.00000,0,0,60.04,86.51,none
237.255,AUTO DEMO / SYNTHETIC RMS,0.002058,0.002144,0.004144,1.000,0.00000,0.00000,0,0,59.97,88.51,none
237.505,AUTO DEMO / SYNTHETIC RMS,0.002101,0.002144,0.004144,1.000,0.00000,0.00000,0,0,59.98,92.51,none
237.762,AUTO DEMO / SYNTHETIC RMS,0.001855,0.002144,0.004144,1.000,0.00000,0.00000,0,0,59.27,94.51,none
238.013,AUTO DEMO / SYNTHETIC RMS,0.002027,0.002144,0.004144,1.000,0.00000,0.00000,0,0,59.51,98.51,none
238.263,AUTO DEMO / SYNTHETIC RMS,0.002123,0.002144,0.004144,1.000,0.00000,0.00000,0,0,59.72,100.51,none
238.512,AUTO DEMO / SYNTHETIC RMS,0.001871,0.002144,0.004144,1.000,0.00000,0.00000,0,0,59.98,104.51,none
238.754,AUTO DEMO / SYNTHETIC RMS,0.001974,0.002144,0.004144,1.000,0.00000,0.00000,0,0,59.18,106.51,none
239.004,AUTO DEMO / SYNTHETIC RMS,0.002145,0.002144,0.004144,1.000,0.00000,0.00000,0,0,59.63,110.51,none
239.254,AUTO DEMO / SYNTHETIC RMS,0.001905,0.002144,0.004144,1.000,0.00000,0.00000,0,0,59.77,112.51,none
239.504,AUTO DEMO / SYNTHETIC RMS,0.001934,0.002144,0.004144,1.000,0.00000,0.00000,0,0,59.89,116.51,none
239.753,AUTO DEMO / SYNTHETIC RMS,0.002150,0.002144,0.004144,1.000,0.00000,0.00000,0,0,60.10,118.51,none
240.007,AUTO DEMO / SYNTHETIC RMS,0.002009,0.002144,0.004144,1.000,0.00000,0.00000,0,0,57.27,122.51,none
240.257,AUTO DEMO / SYNTHETIC RMS,0.002132,0.002144,0.004144,1.000,0.00000,0.00000,0,0,58.56,124.51,none
240.507,AUTO DEMO / SYNTHETIC RMS,0.001881,0.002144,0.004144,1.000,0.00000,0.00000,0,0,59.32,128.51,none
240.756,AUTO DEMO / SYNTHETIC RMS,0.001966,0.002144,0.004144,1.000,0.00000,0.00000,0,0,59.84,130.51,none
241.005,AUTO DEMO / SYNTHETIC RMS,0.002147,0.002144,0.004144,1.000,0.00000,0.00000,0,0,60.08,134.51,none
241.257,AUTO DEMO / SYNTHETIC RMS,0.001912,0.002144,0.004144,1.000,0.00000,0.00000,0,0,59.93,136.51,none
241.507,AUTO DEMO / SYNTHETIC RMS,0.001927,0.002144,0.004144,1.000,0.00000,0.00000,0,0,59.85,140.51,none
241.756,AUTO DEMO / SYNTHETIC RMS,0.002149,0.002144,0.004144,1.000,0.00000,0.00000,0,0,60.12,142.51,none
242.005,AUTO DEMO / SYNTHETIC RMS,0.001950,0.002144,0.004144,1.000,0.00000,0.00000,0,0,60.22,146.51,none
242.257,AUTO DEMO / SYNTHETIC RMS,0.001893,0.002144,0.004144,1.000,0.00000,0.00000,0,0,59.98,150.51,none
242.506,AUTO DEMO / SYNTHETIC RMS,0.002140,0.002144,0.004144,1.000,0.00000,0.00000,0,0,58.32,152.51,none
242.757,AUTO DEMO / SYNTHETIC RMS,0.001990,0.002144,0.004144,1.000,0.00000,0.00000,0,0,59.21,154.51,none
243.009,AUTO DEMO / SYNTHETIC RMS,0.001869,0.002142,0.004142,1.000,0.00000,0.00000,0,0,59.28,158.51,none
243.258,AUTO DEMO / SYNTHETIC RMS,0.002121,0.002142,0.004142,1.000,0.00000,0.00000,0,0,59.72,160.51,none
243.509,AUTO DEMO / SYNTHETIC RMS,0.002029,0.002142,0.004142,1.000,0.00000,0.00000,0,0,59.75,164.51,none
243.759,AUTO DEMO / SYNTHETIC RMS,0.001854,0.002142,0.004142,1.000,0.00000,0.00000,0,0,59.95,168.51,none
244.009,AUTO DEMO / SYNTHETIC RMS,0.002092,0.002142,0.004142,1.000,0.00000,0.00000,0,0,59.86,170.51,none
244.259,AUTO DEMO / SYNTHETIC RMS,0.002069,0.002142,0.004142,1.000,0.00000,0.00000,0,0,59.93,174.51,none
244.509,AUTO DEMO / SYNTHETIC RMS,0.001850,0.002142,0.004142,1.000,0.00000,0.00000,0,0,60.04,176.51,none
244.760,AUTO DEMO / SYNTHETIC RMS,0.002056,0.002142,0.004142,1.000,0.00000,0.00000,0,0,54.84,178.51,none
245.007,AUTO DEMO / SYNTHETIC RMS,0.002106,0.002142,0.004142,1.000,0.00000,0.00000,0,0,56.16,182.51,none
245.258,AUTO DEMO / SYNTHETIC RMS,0.001859,0.002142,0.004142,1.000,0.00000,0.00000,0,0,57.96,184.51,none
245.517,AUTO DEMO / SYNTHETIC RMS,0.002023,0.002142,0.004142,1.000,0.00000,0.00000,0,0,58.28,188.51,none
245.750,AUTO DEMO / SYNTHETIC RMS,0.002135,0.002142,0.004142,1.000,0.00000,0.00000,0,0,59.07,190.51,none
246.017,AUTO DEMO / SYNTHETIC RMS,0.015126,0.002142,0.004142,1.000,0.18306,0.02987,0,0,59.46,194.51,none
246.266,AUTO DEMO / SYNTHETIC RMS,0.016842,0.002142,0.004142,1.000,0.21166,0.18764,6,1,59.98,196.51,none
246.500,AUTO DEMO / SYNTHETIC RMS,0.018675,0.002142,0.004142,1.000,0.24221,0.23023,14,1,59.87,200.51,none
246.766,AUTO DEMO / SYNTHETIC RMS,0.018772,0.002142,0.004142,1.000,0.24382,0.24515,23,1,60.07,202.51,none
247.008,AUTO DEMO / SYNTHETIC RMS,0.017411,0.002142,0.004142,1.000,0.22114,0.24039,31,1,58.64,206.51,none
247.257,AUTO DEMO / SYNTHETIC RMS,0.015778,0.002142,0.004142,1.000,0.19393,0.22759,40,1,59.38,208.51,none
247.506,AUTO DEMO / SYNTHETIC RMS,0.014979,0.002142,0.004142,1.000,0.18062,0.21184,48,1,59.93,212.51,none
247.757,AUTO DEMO / SYNTHETIC RMS,0.016137,0.002142,0.004142,1.000,0.19992,0.20342,56,1,59.88,214.51,none
248.006,AUTO DEMO / SYNTHETIC RMS,0.018284,0.002142,0.004142,1.000,0.23570,0.22437,63,1,60.07,218.51,none
248.257,AUTO DEMO / SYNTHETIC RMS,0.018985,0.002142,0.004142,1.000,0.24738,0.24487,70,1,59.88,222.51,none
248.507,AUTO DEMO / SYNTHETIC RMS,0.017876,0.002142,0.004142,1.000,0.22889,0.24278,75,0,59.86,224.51,none
248.757,AUTO DEMO / SYNTHETIC RMS,0.016214,0.002142,0.004142,1.000,0.20119,0.23195,80,0,59.98,228.51,none
249.007,AUTO DEMO / SYNTHETIC RMS,0.015039,0.002142,0.004142,1.000,0.18162,0.21608,81,0,59.97,230.51,none
249.257,AUTO DEMO / SYNTHETIC RMS,0.015611,0.002142,0.004142,1.000,0.19115,0.20440,82,0,59.97,234.51,none
249.507,AUTO DEMO / SYNTHETIC RMS,0.017744,0.002142,0.004142,1.000,0.22670,0.21590,84,0,59.87,236.51,none
249.756,AUTO DEMO / SYNTHETIC RMS,0.019011,0.002142,0.004142,1.000,0.24781,0.24189,82,0,60.08,240.51,none
250.007,AUTO DEMO / SYNTHETIC RMS,0.066989,0.002142,0.004142,1.000,1.00000,0.36017,86,0,60.05,242.51,none
250.257,AUTO DEMO / SYNTHETIC RMS,0.070647,0.002142,0.004142,1.000,1.00000,0.94755,103,1,59.99,246.51,none
250.507,AUTO DEMO / SYNTHETIC RMS,0.077054,0.002142,0.004142,1.000,1.00000,0.99570,121,1,59.97,250.51,none
250.758,AUTO DEMO / SYNTHETIC RMS,0.082669,0.002142,0.004142,1.000,1.00000,0.99965,139,1,59.84,28.52,none
251.007,AUTO DEMO / SYNTHETIC RMS,0.085009,0.002142,0.004142,1.000,1.00000,0.99997,152,2,60.00,32.52,none
251.259,AUTO DEMO / SYNTHETIC RMS,0.082452,0.002142,0.004142,1.000,1.00000,1.00000,168,2,59.74,34.52,none
251.508,AUTO DEMO / SYNTHETIC RMS,0.076158,0.002142,0.004142,1.000,1.00000,1.00000,179,2,59.94,38.52,none
251.758,AUTO DEMO / SYNTHETIC RMS,0.070061,0.002142,0.004142,1.000,1.00000,1.00000,180,2,60.10,42.52,none
252.008,AUTO DEMO / SYNTHETIC RMS,0.067192,0.002142,0.004142,1.000,1.00000,1.00000,179,3,59.99,44.52,none
252.258,AUTO DEMO / SYNTHETIC RMS,0.068722,0.002142,0.004142,1.000,1.00000,1.00000,180,3,60.09,48.52,none
252.508,AUTO DEMO / SYNTHETIC RMS,0.074382,0.002142,0.004142,1.000,1.00000,1.00000,180,2,60.02,52.52,none
252.758,AUTO DEMO / SYNTHETIC RMS,0.081061,0.002142,0.004142,1.000,1.00000,1.00000,180,2,60.00,54.52,none
253.008,AUTO DEMO / SYNTHETIC RMS,0.084676,0.002142,0.004142,1.000,1.00000,1.00000,180,3,60.01,58.52,none
253.259,AUTO DEMO / SYNTHETIC RMS,0.083766,0.002142,0.004142,1.000,1.00000,1.00000,177,3,59.96,60.52,none
253.509,AUTO DEMO / SYNTHETIC RMS,0.078919,0.002142,0.004142,1.000,1.00000,1.00000,177,2,59.98,64.52,none
253.758,AUTO DEMO / SYNTHETIC RMS,0.072188,0.002142,0.004142,1.000,1.00000,1.00000,178,2,60.07,68.52,none
254.009,AUTO DEMO / SYNTHETIC RMS,0.067526,0.002142,0.004142,1.000,1.00000,1.00000,178,3,59.96,70.52,none
254.258,AUTO DEMO / SYNTHETIC RMS,0.067716,0.002142,0.004142,1.000,1.00000,1.00000,179,2,60.04,74.52,none
254.509,AUTO DEMO / SYNTHETIC RMS,0.072071,0.002142,0.004142,1.000,1.00000,1.00000,179,2,59.97,78.52,none
254.759,AUTO DEMO / SYNTHETIC RMS,0.078474,0.002142,0.004142,1.000,1.00000,1.00000,180,2,59.96,80.52,none
255.016,AUTO DEMO / SYNTHETIC RMS,0.083984,0.002142,0.004142,1.000,1.00000,1.00000,179,3,58.70,84.52,none
255.251,AUTO DEMO / SYNTHETIC RMS,0.084893,0.002142,0.004142,1.000,1.00000,1.00000,180,2,59.22,86.52,none
255.501,AUTO DEMO / SYNTHETIC RMS,0.081084,0.002142,0.004142,1.000,1.00000,1.00000,174,2,59.64,90.52,none
255.751,AUTO DEMO / SYNTHETIC RMS,0.074875,0.002142,0.004142,1.000,1.00000,1.00000,177,2,59.79,94.52,none
256.002,AUTO DEMO / SYNTHETIC RMS,0.002106,0.002142,0.004142,1.000,0.00000,0.97131,178,3,59.83,96.52,none
256.258,AUTO DEMO / SYNTHETIC RMS,0.001857,0.002142,0.004142,1.000,0.00000,0.60997,176,2,59.22,100.52,none
256.509,AUTO DEMO / SYNTHETIC RMS,0.002019,0.002142,0.004142,1.000,0.00000,0.38655,165,2,59.51,104.52,none
256.759,AUTO DEMO / SYNTHETIC RMS,0.002127,0.002142,0.004142,1.000,0.00000,0.24543,167,2,59.81,106.52,none
257.009,AUTO DEMO / SYNTHETIC RMS,0.001875,0.002142,0.004142,1.000,0.00000,0.15559,161,2,59.82,110.52,none
257.259,AUTO DEMO / SYNTHETIC RMS,0.001977,0.002142,0.004142,1.000,0.00000,0.09877,152,1,59.90,112.52,none
257.510,AUTO DEMO / SYNTHETIC RMS,0.002144,0.002142,0.004142,1.000,0.00000,0.06261,145,1,59.81,116.52,none
257.751,AUTO DEMO / SYNTHETIC RMS,0.001910,0.002142,0.004142,1.000,0.00000,0.04038,132,1,58.52,118.52,none
258.001,AUTO DEMO / SYNTHETIC RMS,0.001928,0.002142,0.004142,1.000,0.00000,0.02565,112,1,59.35,122.52,none
258.251,AUTO DEMO / SYNTHETIC RMS,0.002150,0.002142,0.004142,1.000,0.00000,0.01627,90,0,59.65,126.52,none
258.502,AUTO DEMO / SYNTHETIC RMS,0.001947,0.002142,0.004142,1.000,0.00000,0.01032,75,0,59.74,128.52,none
258.750,AUTO DEMO / SYNTHETIC RMS,0.001894,0.002142,0.004142,1.000,0.00000,0.00656,56,0,60.03,132.52,none
259.015,AUTO DEMO / SYNTHETIC RMS,0.002145,0.002142,0.004142,1.000,0.00000,0.00406,36,0,56.30,134.52,none
259.265,AUTO DEMO / SYNTHETIC RMS,0.001972,0.002142,0.004142,1.000,0.00000,0.00257,25,0,58.11,138.52,none
259.516,AUTO DEMO / SYNTHETIC RMS,0.001878,0.002142,0.004142,1.000,0.00000,0.00163,18,0,59.11,140.52,none
259.765,AUTO DEMO / SYNTHETIC RMS,0.002130,0.002142,0.004142,1.000,0.00000,0.00104,10,0,59.72,144.52,none
260.016,AUTO DEMO / SYNTHETIC RMS,0.002013,0.002142,0.004142,1.000,0.00000,0.00000,7,0,59.69,146.52,none
260.266,AUTO DEMO / SYNTHETIC RMS,0.001859,0.002142,0.004142,1.000,0.00000,0.00000,6,0,59.80,150.52,none
260.516,AUTO DEMO / SYNTHETIC RMS,0.002105,0.002142,0.004142,1.000,0.00000,0.00000,2,0,59.84,152.52,none
260.765,AUTO DEMO / SYNTHETIC RMS,0.002055,0.002142,0.004142,1.000,0.00000,0.00000,1,0,60.07,156.52,none
261.015,AUTO DEMO / SYNTHETIC RMS,0.001850,0.002142,0.004142,1.000,0.00000,0.00000,0,0,60.17,158.52,none
261.267,AUTO DEMO / SYNTHETIC RMS,0.002071,0.002142,0.004142,1.000,0.00000,0.00000,0,0,59.87,162.52,none
261.517,AUTO DEMO / SYNTHETIC RMS,0.002091,0.002142,0.004142,1.000,0.00000,0.00000,0,0,59.89,164.52,none
261.767,AUTO DEMO / SYNTHETIC RMS,0.001854,0.002142,0.004142,1.000,0.00000,0.00000,0,0,59.88,168.52,none
262.016,AUTO DEMO / SYNTHETIC RMS,0.002030,0.002142,0.004142,1.000,0.00000,0.00000,0,0,59.98,170.52,none
262.266,AUTO DEMO / SYNTHETIC RMS,0.002121,0.002142,0.004142,1.000,0.00000,0.00000,0,0,59.95,174.52,none
262.517,AUTO DEMO / SYNTHETIC RMS,0.001869,0.002142,0.004142,1.000,0.00000,0.00000,0,0,59.90,176.52,none
262.766,AUTO DEMO / SYNTHETIC RMS,0.001988,0.002142,0.004142,1.000,0.00000,0.00000,0,0,59.96,180.52,none
263.016,AUTO DEMO / SYNTHETIC RMS,0.002141,0.002142,0.004142,1.000,0.00000,0.00000,0,0,60.06,182.52,none
263.266,AUTO DEMO / SYNTHETIC RMS,0.001895,0.002142,0.004142,1.000,0.00000,0.00000,0,0,60.02,186.52,none
263.503,AUTO DEMO / SYNTHETIC RMS,0.001933,0.002142,0.004142,1.000,0.00000,0.00000,0,0,59.34,188.52,none
263.752,AUTO DEMO / SYNTHETIC RMS,0.002150,0.002142,0.004142,1.000,0.00000,0.00000,0,0,59.95,192.52,none
264.014,AUTO DEMO / SYNTHETIC RMS,0.002017,0.002142,0.004142,1.000,0.00000,0.00000,0,0,58.49,194.52,none
264.263,AUTO DEMO / SYNTHETIC RMS,0.002129,0.002142,0.004142,1.000,0.00000,0.00000,0,0,59.43,198.52,none
264.515,AUTO DEMO / SYNTHETIC RMS,0.001875,0.002142,0.004142,1.000,0.00000,0.00000,0,0,59.57,200.52,none
264.757,AUTO DEMO / SYNTHETIC RMS,0.001966,0.002142,0.004142,1.000,0.00000,0.00000,0,0,58.81,204.52,none
265.009,AUTO DEMO / SYNTHETIC RMS,0.002146,0.002142,0.004142,1.000,0.00000,0.00000,0,0,59.12,206.52,none
265.258,AUTO DEMO / SYNTHETIC RMS,0.001910,0.002142,0.004142,1.000,0.00000,0.00000,0,0,59.68,210.52,none
265.508,AUTO DEMO / SYNTHETIC RMS,0.001929,0.002142,0.004142,1.000,0.00000,0.00000,0,0,59.89,212.52,none
265.761,AUTO DEMO / SYNTHETIC RMS,0.002150,0.002142,0.004142,1.000,0.00000,0.00000,0,0,59.59,216.52,none
266.010,AUTO DEMO / SYNTHETIC RMS,0.001944,0.002142,0.004142,1.000,0.00000,0.00000,0,0,59.92,218.52,none
266.262,AUTO DEMO / SYNTHETIC RMS,0.001898,0.002142,0.004142,1.000,0.00000,0.00000,0,0,59.80,222.52,none
266.513,AUTO DEMO / SYNTHETIC RMS,0.002143,0.002142,0.004142,1.000,0.00000,0.00000,0,0,59.78,226.52,none
266.765,AUTO DEMO / SYNTHETIC RMS,0.001980,0.002142,0.004142,1.000,0.00000,0.00000,0,0,59.44,228.52,none
267.030,AUTO DEMO / SYNTHETIC RMS,0.001884,0.002143,0.004143,1.000,0.00000,0.00000,0,0,44.76,230.52,none
267.264,AUTO DEMO / SYNTHETIC RMS,0.002125,0.002143,0.004143,1.000,0.00000,0.00000,0,0,35.98,230.52,none
267.508,AUTO DEMO / SYNTHETIC RMS,0.002031,0.002143,0.004143,1.000,0.00000,0.00000,0,0,44.62,234.52,none
267.766,AUTO DEMO / SYNTHETIC RMS,0.001856,0.002143,0.004143,1.000,0.00000,0.00000,0,0,50.88,236.52,none
268.009,AUTO DEMO / SYNTHETIC RMS,0.002092,0.002143,0.004143,1.000,0.00000,0.00000,0,0,54.36,240.52,none
268.264,AUTO DEMO / SYNTHETIC RMS,0.002064,0.002143,0.004143,1.000,0.00000,0.00000,0,0,54.04,242.52,none
268.505,AUTO DEMO / SYNTHETIC RMS,0.001851,0.002143,0.004143,1.000,0.00000,0.00000,0,0,54.77,244.52,none
268.755,AUTO DEMO / SYNTHETIC RMS,0.002051,0.002143,0.004143,1.000,0.00000,0.00000,0,0,57.39,248.52,none
269.007,AUTO DEMO / SYNTHETIC RMS,0.002106,0.002143,0.004143,1.000,0.00000,0.00000,0,0,58.68,250.52,none
269.257,AUTO DEMO / SYNTHETIC RMS,0.001859,0.002143,0.004143,1.000,0.00000,0.00000,0,0,59.43,30.51,none
269.507,AUTO DEMO / SYNTHETIC RMS,0.002012,0.002143,0.004143,1.000,0.00000,0.00000,0,0,59.74,32.51,none
269.757,AUTO DEMO / SYNTHETIC RMS,0.002131,0.002143,0.004143,1.000,0.00000,0.00000,0,0,57.79,36.51,none
270.015,AUTO DEMO / SYNTHETIC RMS,0.015118,0.002143,0.004143,1.000,0.18292,0.02611,0,0,58.11,38.51,none
270.265,AUTO DEMO / SYNTHETIC RMS,0.016842,0.002143,0.004143,1.000,0.21165,0.18765,6,1,59.04,42.51,none
270.516,AUTO DEMO / SYNTHETIC RMS,0.018752,0.002143,0.004143,1.000,0.24348,0.23223,14,1,59.44,44.51,none
270.765,AUTO DEMO / SYNTHETIC RMS,0.018773,0.002143,0.004143,1.000,0.24383,0.24515,23,1,59.83,48.52,none
271.015,AUTO DEMO / SYNTHETIC RMS,0.017358,0.002143,0.004143,1.000,0.22025,0.24011,32,1,59.98,50.51,none
271.265,AUTO DEMO / SYNTHETIC RMS,0.015730,0.002143,0.004143,1.000,0.19312,0.22706,40,1,59.97,54.51,none
271.516,AUTO DEMO / SYNTHETIC RMS,0.014984,0.002143,0.004143,1.000,0.18069,0.21127,48,1,59.99,58.51,none
271.766,AUTO DEMO / SYNTHETIC RMS,0.016216,0.002143,0.004143,1.000,0.20123,0.20339,56,1,59.94,60.51,none
272.015,AUTO DEMO / SYNTHETIC RMS,0.018348,0.002143,0.004143,1.000,0.23676,0.22551,64,1,60.10,64.52,none
272.266,AUTO DEMO / SYNTHETIC RMS,0.018970,0.002143,0.004143,1.000,0.24712,0.24506,72,1,59.92,66.51,none
272.516,AUTO DEMO / SYNTHETIC RMS,0.017817,0.002143,0.004143,1.000,0.22790,0.24252,78,0,59.88,70.51,none
272.765,AUTO DEMO / SYNTHETIC RMS,0.016156,0.002143,0.004143,1.000,0.20023,0.23143,84,0,60.02,72.52,none
273.016,AUTO DEMO / SYNTHETIC RMS,0.015023,0.002143,0.004143,1.000,0.18133,0.21549,90,0,59.95,76.51,none
273.260,AUTO DEMO / SYNTHETIC RMS,0.015633,0.002143,0.004143,1.000,0.19151,0.20432,78,0,57.22,78.51,none
273.509,AUTO DEMO / SYNTHETIC RMS,0.017765,0.002143,0.004143,1.000,0.22703,0.21618,77,0,58.68,82.51,none
273.759,AUTO DEMO / SYNTHETIC RMS,0.019014,0.002143,0.004143,1.000,0.24785,0.24207,79,0,59.44,84.51,none
274.012,AUTO DEMO / SYNTHETIC RMS,0.067016,0.002143,0.004143,1.000,1.00000,0.37810,83,0,59.25,88.51,none
274.261,AUTO DEMO / SYNTHETIC RMS,0.070746,0.002143,0.004143,1.000,1.00000,0.94837,96,1,58.07,90.51,none
274.510,AUTO DEMO / SYNTHETIC RMS,0.077157,0.002143,0.004143,1.000,1.00000,0.99575,112,1,59.14,94.51,none
274.762,AUTO DEMO / SYNTHETIC RMS,0.082755,0.002143,0.004143,1.000,1.00000,0.99966,128,1,59.31,98.51,none
275.012,AUTO DEMO / SYNTHETIC RMS,0.085009,0.002143,0.004143,1.000,1.00000,0.99997,146,2,59.62,100.51,none
275.262,AUTO DEMO / SYNTHETIC RMS,0.082383,0.002143,0.004143,1.000,1.00000,1.00000,166,2,59.81,104.51,none
275.512,AUTO DEMO / SYNTHETIC RMS,0.076049,0.002143,0.004143,1.000,1.00000,1.00000,179,2,59.93,106.51,none
275.753,AUTO DEMO / SYNTHETIC RMS,0.070140,0.002143,0.004143,1.000,1.00000,1.00000,180,2,59.04,110.51,none
276.004,AUTO DEMO / SYNTHETIC RMS,0.067205,0.002143,0.004143,1.000,1.00000,1.00000,179,3,59.41,114.51,none
276.253,AUTO DEMO / SYNTHETIC RMS,0.068656,0.002143,0.004143,1.000,1.00000,1.00000,180,3,59.77,116.51,none
276.505,AUTO DEMO / SYNTHETIC RMS,0.074315,0.002143,0.004143,1.000,1.00000,1.00000,177,2,59.52,120.51,none
276.756,AUTO DEMO / SYNTHETIC RMS,0.081019,0.002143,0.004143,1.000,1.00000,1.00000,180,2,59.67,122.51,none
277.006,AUTO DEMO / SYNTHETIC RMS,0.084668,0.002143,0.004143,1.000,1.00000,1.00000,177,3,59.76,126.51,none
277.256,AUTO DEMO / SYNTHETIC RMS,0.083790,0.002143,0.004143,1.000,1.00000,1.00000,175,3,59.89,130.51,none
277.508,AUTO DEMO / SYNTHETIC RMS,0.078921,0.002143,0.004143,1.000,1.00000,1.00000,169,2,59.67,132.51,none
277.758,AUTO DEMO / SYNTHETIC RMS,0.072175,0.002143,0.004143,1.000,1.00000,1.00000,177,2,59.83,136.51,none
278.012,AUTO DEMO / SYNTHETIC RMS,0.067493,0.002143,0.004143,1.000,1.00000,1.00000,178,3,59.42,140.51,none
278.262,AUTO DEMO / SYNTHETIC RMS,0.067757,0.002143,0.004143,1.000,1.00000,1.00000,179,2,59.74,142.51,none
278.517,AUTO DEMO / SYNTHETIC RMS,0.072263,0.002143,0.004143,1.000,1.00000,1.00000,179,2,59.29,146.51,none
278.750,AUTO DEMO / SYNTHETIC RMS,0.078263,0.002143,0.004143,1.000,1.00000,1.00000,179,2,59.54,148.51,none
279.011,AUTO DEMO / SYNTHETIC RMS,0.083924,0.002143,0.004143,1.000,1.00000,1.00000,180,3,58.10,152.52,none
279.261,AUTO DEMO / SYNTHETIC RMS,0.084822,0.002143,0.004143,1.000,1.00000,1.00000,178,2,59.18,156.52,none
279.512,AUTO DEMO / SYNTHETIC RMS,0.080820,0.002143,0.004143,1.000,1.00000,1.00000,179,2,59.44,158.51,none
279.762,AUTO DEMO / SYNTHETIC RMS,0.074598,0.002143,0.004143,1.000,1.00000,1.00000,176,2,59.78,162.51,none
280.012,AUTO DEMO / SYNTHETIC RMS,0.002097,0.002143,0.004143,1.000,0.00000,0.96911,176,3,59.86,164.51,none
280.262,AUTO DEMO / SYNTHETIC RMS,0.001856,0.002143,0.004143,1.000,0.00000,0.61522,177,2,59.92,168.51,none
280.511,AUTO DEMO / SYNTHETIC RMS,0.002022,0.002143,0.004143,1.000,0.00000,0.39080,168,2,60.02,172.51,none
280.762,AUTO DEMO / SYNTHETIC RMS,0.002125,0.002143,0.004143,1.000,0.00000,0.24785,163,2,59.93,174.51,none
281.012,AUTO DEMO / SYNTHETIC RMS,0.001873,0.002143,0.004143,1.000,0.00000,0.15737,151,2,59.97,178.51,none
281.261,AUTO DEMO / SYNTHETIC RMS,0.001980,0.002143,0.004143,1.000,0.00000,0.09995,151,1,60.04,182.51,none
281.516,AUTO DEMO / SYNTHETIC RMS,0.002142,0.002143,0.004143,1.000,0.00000,0.06289,143,1,59.51,184.52,none
281.767,AUTO DEMO / SYNTHETIC RMS,0.001896,0.002143,0.004143,1.000,0.00000,0.03986,130,1,59.64,188.51,none
282.016,AUTO DEMO / SYNTHETIC RMS,0.001944,0.002143,0.004143,1.000,0.00000,0.02534,117,1,59.88,190.51,none
282.267,AUTO DEMO / SYNTHETIC RMS,0.002150,0.002143,0.004143,1.000,0.00000,0.01607,99,0,59.86,194.51,none
282.516,AUTO DEMO / SYNTHETIC RMS,0.001931,0.002143,0.004143,1.000,0.00000,0.01021,75,0,60.05,198.51,none
282.766,AUTO DEMO / SYNTHETIC RMS,0.001908,0.002143,0.004143,1.000,0.00000,0.00648,57,0,60.00,200.51,none
283.002,AUTO DEMO / SYNTHETIC RMS,0.002141,0.002143,0.004143,1.000,0.00000,0.00422,46,0,57.15,202.51,none
283.250,AUTO DEMO / SYNTHETIC RMS,0.001989,0.002143,0.004143,1.000,0.00000,0.00269,30,0,58.86,206.51,none
283.501,AUTO DEMO / SYNTHETIC RMS,0.001869,0.002143,0.004143,1.000,0.00000,0.00170,17,0,59.45,208.51,none
283.760,AUTO DEMO / SYNTHETIC RMS,0.002127,0.002143,0.004143,1.000,0.00000,0.00106,14,0,55.17,212.51,none
284.002,AUTO DEMO / SYNTHETIC RMS,0.002030,0.002143,0.004143,1.000,0.00000,0.00000,7,0,56.36,214.51,none
284.254,AUTO DEMO / SYNTHETIC RMS,0.001854,0.002143,0.004143,1.000,0.00000,0.00000,6,0,58.08,218.51,none
284.504,AUTO DEMO / SYNTHETIC RMS,0.002094,0.002143,0.004143,1.000,0.00000,0.00000,4,0,59.00,220.52,none
284.755,AUTO DEMO / SYNTHETIC RMS,0.002066,0.002143,0.004143,1.000,0.00000,0.00000,3,0,59.38,224.51,none
285.015,AUTO DEMO / SYNTHETIC RMS,0.001850,0.002143,0.004143,1.000,0.00000,0.00000,2,0,58.49,226.51,none
285.251,AUTO DEMO / SYNTHETIC RMS,0.002053,0.002143,0.004143,1.000,0.00000,0.00000,0,0,56.92,230.51,none
285.501,AUTO DEMO / SYNTHETIC RMS,0.002105,0.002143,0.004143,1.000,0.00000,0.00000,0,0,58.56,232.52,none
285.751,AUTO DEMO / SYNTHETIC RMS,0.001859,0.002143,0.004143,1.000,0.00000,0.00000,0,0,59.34,236.51,none
286.001,AUTO DEMO / SYNTHETIC RMS,0.002012,0.002143,0.004143,1.000,0.00000,0.00000,0,0,59.71,238.51,none
286.251,AUTO DEMO / SYNTHETIC RMS,0.002131,0.002143,0.004143,1.000,0.00000,0.00000,0,0,59.90,242.51,none
286.501,AUTO DEMO / SYNTHETIC RMS,0.001879,0.002143,0.004143,1.000,0.00000,0.00000,0,0,60.01,244.51,none
286.751,AUTO DEMO / SYNTHETIC RMS,0.001970,0.002143,0.004143,1.000,0.00000,0.00000,0,0,60.04,248.52,none
287.001,AUTO DEMO / SYNTHETIC RMS,0.002146,0.002143,0.004143,1.000,0.00000,0.00000,0,0,60.06,250.51,none
287.256,AUTO DEMO / SYNTHETIC RMS,0.001903,0.002143,0.004143,1.000,0.00000,0.00000,0,0,57.60,30.51,none
287.505,AUTO DEMO / SYNTHETIC RMS,0.001935,0.002143,0.004143,1.000,0.00000,0.00000,0,0,58.99,32.51,none
287.756,AUTO DEMO / SYNTHETIC RMS,0.002150,0.002143,0.004143,1.000,0.00000,0.00000,0,0,59.48,36.51,none
288.006,AUTO DEMO / SYNTHETIC RMS,0.002007,0.002143,0.004143,1.000,0.00000,0.00000,0,0,59.78,38.51,none
288.255,AUTO DEMO / SYNTHETIC RMS,0.002133,0.002143,0.004143,1.000,0.00000,0.00000,0,0,60.05,42.51,none
288.506,AUTO DEMO / SYNTHETIC RMS,0.001882,0.002143,0.004143,1.000,0.00000,0.00000,0,0,59.94,44.51,none
288.757,AUTO DEMO / SYNTHETIC RMS,0.001966,0.002143,0.004143,1.000,0.00000,0.00000,0,0,59.86,48.51,none
289.006,AUTO DEMO / SYNTHETIC RMS,0.002147,0.002143,0.004143,1.000,0.00000,0.00000,0,0,60.01,50.51,none
289.256,AUTO DEMO / SYNTHETIC RMS,0.001912,0.002143,0.004143,1.000,0.00000,0.00000,0,0,60.00,54.51,none
289.506,AUTO DEMO / SYNTHETIC RMS,0.001926,0.002143,0.004143,1.000,0.00000,0.00000,0,0,60.01,56.51,none
289.756,AUTO DEMO / SYNTHETIC RMS,0.002149,0.002143,0.004143,1.000,0.00000,0.00000,0,0,60.04,60.51,none
290.006,AUTO DEMO / SYNTHETIC RMS,0.001949,0.002143,0.004143,1.000,0.00000,0.00000,0,0,59.93,62.51,none
290.259,AUTO DEMO / SYNTHETIC RMS,0.001895,0.002143,0.004143,1.000,0.00000,0.00000,0,0,57.67,66.51,none
290.508,AUTO DEMO / SYNTHETIC RMS,0.002141,0.002143,0.004143,1.000,0.00000,0.00000,0,0,59.06,68.51,none
290.759,AUTO DEMO / SYNTHETIC RMS,0.001987,0.002143,0.004143,1.000,0.00000,0.00000,0,0,59.43,72.51,none
291.010,AUTO DEMO / SYNTHETIC RMS,0.001870,0.002142,0.004142,1.000,0.00000,0.00000,0,0,59.59,74.51,none
291.260,AUTO DEMO / SYNTHETIC RMS,0.002122,0.002142,0.004142,1.000,0.00000,0.00000,0,0,59.82,78.51,none
291.509,AUTO DEMO / SYNTHETIC RMS,0.002029,0.002142,0.004142,1.000,0.00000,0.00000,0,0,59.88,80.51,none
291.759,AUTO DEMO / SYNTHETIC RMS,0.001854,0.002142,0.004142,1.000,0.00000,0.00000,0,0,60.07,84.51,none
292.009,AUTO DEMO / SYNTHETIC RMS,0.002092,0.002142,0.004142,1.000,0.00000,0.00000,0,0,60.06,86.51,none
292.259,AUTO DEMO / SYNTHETIC RMS,0.002069,0.002142,0.004142,1.000,0.00000,0.00000,0,0,59.98,90.51,none
292.511,AUTO DEMO / SYNTHETIC RMS,0.001850,0.002142,0.004142,1.000,0.00000,0.00000,0,0,59.66,92.51,none
292.762,AUTO DEMO / SYNTHETIC RMS,0.002058,0.002142,0.004142,1.000,0.00000,0.00000,0,0,59.81,96.51,none
293.013,AUTO DEMO / SYNTHETIC RMS,0.002101,0.002142,0.004142,1.000,0.00000,0.00000,0,0,59.73,98.51,none
293.263,AUTO DEMO / SYNTHETIC RMS,0.001857,0.002142,0.004142,1.000,0.00000,0.00000,0,0,59.77,102.51,none
293.513,AUTO DEMO / SYNTHETIC RMS,0.002018,0.002142,0.004142,1.000,0.00000,0.00000,0,0,59.90,104.51,none
293.762,AUTO DEMO / SYNTHETIC RMS,0.002128,0.002142,0.004142,1.000,0.00000,0.00000,0,0,60.04,108.51,none
294.013,AUTO DEMO / SYNTHETIC RMS,0.015112,0.002142,0.004142,1.000,0.18282,0.03018,0,0,59.87,110.51,none
294.262,AUTO DEMO / SYNTHETIC RMS,0.016804,0.002142,0.004142,1.000,0.21102,0.18717,6,1,60.15,114.51,none
294.516,AUTO DEMO / SYNTHETIC RMS,0.018748,0.002142,0.004142,1.000,0.24342,0.23220,14,1,59.44,118.51,none
294.759,AUTO DEMO / SYNTHETIC RMS,0.018797,0.002142,0.004142,1.000,0.24425,0.24517,23,1,58.63,120.51,none
295.000,AUTO DEMO / SYNTHETIC RMS,0.017460,0.002142,0.004142,1.000,0.22195,0.24066,31,1,58.18,122.51,none
295.253,AUTO DEMO / SYNTHETIC RMS,0.015805,0.002142,0.004142,1.000,0.19437,0.22787,40,1,58.73,126.51,none
295.503,AUTO DEMO / SYNTHETIC RMS,0.014979,0.002142,0.004142,1.000,0.18060,0.21203,48,1,59.33,128.51,none
295.751,AUTO DEMO / SYNTHETIC RMS,0.016090,0.002142,0.004142,1.000,0.19913,0.20345,56,1,59.90,132.51,none
296.001,AUTO DEMO / SYNTHETIC RMS,0.018249,0.002142,0.004142,1.000,0.23511,0.22376,63,1,60.03,136.51,none
296.252,AUTO DEMO / SYNTHETIC RMS,0.018993,0.002142,0.004142,1.000,0.24751,0.24475,70,1,59.91,138.51,none
296.501,AUTO DEMO / SYNTHETIC RMS,0.017913,0.002142,0.004142,1.000,0.22952,0.24294,74,0,60.02,142.51,none
296.752,AUTO DEMO / SYNTHETIC RMS,0.016244,0.002142,0.004142,1.000,0.20169,0.23223,78,0,59.90,144.51,none
297.002,AUTO DEMO / SYNTHETIC RMS,0.015050,0.002142,0.004142,1.000,0.18179,0.21640,80,0,59.98,148.51,none
297.253,AUTO DEMO / SYNTHETIC RMS,0.015584,0.002142,0.004142,1.000,0.19069,0.20450,83,0,59.85,150.51,none
297.501,AUTO DEMO / SYNTHETIC RMS,0.017692,0.002142,0.004142,1.000,0.22583,0.21516,85,0,60.07,154.51,none
297.752,AUTO DEMO / SYNTHETIC RMS,0.019007,0.002142,0.004142,1.000,0.24775,0.24165,85,0,59.92,156.51,none
298.001,AUTO DEMO / SYNTHETIC RMS,0.066963,0.002142,0.004142,1.000,1.00000,0.35829,83,0,60.16,160.51,none
298.251,AUTO DEMO / SYNTHETIC RMS,0.070512,0.002142,0.004142,1.000,1.00000,0.94731,97,1,60.17,164.51,none
298.503,AUTO DEMO / SYNTHETIC RMS,0.076940,0.002142,0.004142,1.000,1.00000,0.99575,112,1,59.87,166.51,none
298.753,AUTO DEMO / SYNTHETIC RMS,0.082586,0.002142,0.004142,1.000,1.00000,0.99965,131,1,59.88,170.51,none
299.003,AUTO DEMO / SYNTHETIC RMS,0.085007,0.002142,0.004142,1.000,1.00000,0.99997,150,2,59.97,172.51,none
299.253,AUTO DEMO / SYNTHETIC RMS,0.082574,0.002142,0.004142,1.000,1.00000,1.00000,169,2,59.97,176.51,none
299.503,AUTO DEMO / SYNTHETIC RMS,0.076313,0.002142,0.004142,1.000,1.00000,1.00000,180,2,60.00,180.51,none
299.753,AUTO DEMO / SYNTHETIC RMS,0.070156,0.002142,0.004142,1.000,1.00000,1.00000,180,2,60.00,182.51,none
300.002,AUTO DEMO / SYNTHETIC RMS,0.067212,0.002142,0.004142,1.000,1.00000,1.00000,178,3,60.08,186.51,none
300.252,AUTO DEMO / SYNTHETIC RMS,0.068631,0.002142,0.004142,1.000,1.00000,1.00000,180,3,60.16,190.51,none
300.502,AUTO DEMO / SYNTHETIC RMS,0.074217,0.002142,0.004142,1.000,1.00000,1.00000,176,2,60.08,192.51,none
300.752,AUTO DEMO / SYNTHETIC RMS,0.080918,0.002142,0.004142,1.000,1.00000,1.00000,178,2,60.09,196.51,none
301.002,AUTO DEMO / SYNTHETIC RMS,0.084640,0.002142,0.004142,1.000,1.00000,1.00000,175,3,60.11,198.51,none
301.264,AUTO DEMO / SYNTHETIC RMS,0.083696,0.002142,0.004142,1.000,1.00000,1.00000,178,3,55.74,202.51,none
301.501,AUTO DEMO / SYNTHETIC RMS,0.079121,0.002142,0.004142,1.000,1.00000,1.00000,177,2,57.51,204.51,none
301.790,AUTO DEMO / SYNTHETIC RMS,0.071398,0.002142,0.004142,1.000,1.00000,1.00000,176,2,50.48,208.51,none
302.011,AUTO DEMO / SYNTHETIC RMS,0.067512,0.002142,0.004142,1.000,1.00000,1.00000,178,3,54.25,210.51,none
302.260,AUTO DEMO / SYNTHETIC RMS,0.067732,0.002142,0.004142,1.000,1.00000,1.00000,176,2,57.24,214.51,none
302.509,AUTO DEMO / SYNTHETIC RMS,0.072082,0.002142,0.004142,1.000,1.00000,1.00000,179,2,58.83,218.51,none
302.759,AUTO DEMO / SYNTHETIC RMS,0.078486,0.002142,0.004142,1.000,1.00000,1.00000,180,2,59.54,220.51,none
303.002,AUTO DEMO / SYNTHETIC RMS,0.083784,0.002142,0.004142,1.000,1.00000,1.00000,179,3,58.52,224.51,none
303.251,AUTO DEMO / SYNTHETIC RMS,0.084890,0.002142,0.004142,1.000,1.00000,1.00000,179,2,59.41,226.51,none
303.502,AUTO DEMO / SYNTHETIC RMS,0.081054,0.002142,0.004142,1.000,1.00000,1.00000,179,2,59.62,230.51,none
303.753,AUTO DEMO / SYNTHETIC RMS,0.074832,0.002142,0.004142,1.000,1.00000,1.00000,179,2,59.69,234.51,none
304.003,AUTO DEMO / SYNTHETIC RMS,0.002106,0.002142,0.004142,1.000,0.00000,0.97072,179,3,59.93,236.51,none
304.253,AUTO DEMO / SYNTHETIC RMS,0.001859,0.002142,0.004142,1.000,0.00000,0.61538,179,2,59.88,240.51,none
304.503,AUTO DEMO / SYNTHETIC RMS,0.002012,0.002142,0.004142,1.000,0.00000,0.39060,172,2,59.91,244.51,none
304.753,AUTO DEMO / SYNTHETIC RMS,0.002131,0.002142,0.004142,1.000,0.00000,0.24819,165,2,60.06,246.51,none
305.003,AUTO DEMO / SYNTHETIC RMS,0.001879,0.002142,0.004142,1.000,0.00000,0.15744,151,2,60.02,250.51,none
305.256,AUTO DEMO / SYNTHETIC RMS,0.001973,0.002142,0.004142,1.000,0.00000,0.09949,144,1,59.69,28.54,none
305.505,AUTO DEMO / SYNTHETIC RMS,0.002146,0.002142,0.004142,1.000,0.00000,0.06317,130,1,59.94,32.54,none
305.758,AUTO DEMO / SYNTHETIC RMS,0.001904,0.002142,0.004142,1.000,0.00000,0.03994,122,1,59.64,36.54,none
306.008,AUTO DEMO / SYNTHETIC RMS,0.001935,0.002142,0.004142,1.000,0.00000,0.02534,105,1,59.73,38.54,none
306.258,AUTO DEMO / SYNTHETIC RMS,0.002150,0.002142,0.004142,1.000,0.00000,0.01608,83,0,59.78,42.54,none
306.508,AUTO DEMO / SYNTHETIC RMS,0.001940,0.002142,0.004142,1.000,0.00000,0.01021,67,0,59.86,44.54,none
306.758,AUTO DEMO / SYNTHETIC RMS,0.001900,0.002142,0.004142,1.000,0.00000,0.00648,48,0,59.92,48.54,none
307.008,AUTO DEMO / SYNTHETIC RMS,0.002143,0.002142,0.004142,1.000,0.00000,0.00411,41,0,59.98,50.54,none
307.263,AUTO DEMO / SYNTHETIC RMS,0.001975,0.002142,0.004142,1.000,0.00000,0.00259,29,0,59.27,54.54,none
307.513,AUTO DEMO / SYNTHETIC RMS,0.001876,0.002142,0.004142,1.000,0.00000,0.00164,22,0,59.62,56.54,none
307.761,AUTO DEMO / SYNTHETIC RMS,0.002127,0.002142,0.004142,1.000,0.00000,0.00104,12,0,57.19,60.54,none
308.013,AUTO DEMO / SYNTHETIC RMS,0.002017,0.002142,0.004142,1.000,0.00000,0.00000,6,0,58.49,62.54,none
308.263,AUTO DEMO / SYNTHETIC RMS,0.001858,0.002142,0.004142,1.000,0.00000,0.00000,5,0,59.23,66.54,none
308.513,AUTO DEMO / SYNTHETIC RMS,0.002102,0.002142,0.004142,1.000,0.00000,0.00000,4,0,59.61,68.54,none
308.763,AUTO DEMO / SYNTHETIC RMS,0.002059,0.002142,0.004142,1.000,0.00000,0.00000,1,0,59.92,72.54,none
309.012,AUTO DEMO / SYNTHETIC RMS,0.001850,0.002142,0.004142,1.000,0.00000,0.00000,0,0,60.15,74.54,none
309.263,AUTO DEMO / SYNTHETIC RMS,0.002067,0.002142,0.004142,1.000,0.00000,0.00000,0,0,59.94,78.54,none
309.514,AUTO DEMO / SYNTHETIC RMS,0.002094,0.002142,0.004142,1.000,0.00000,0.00000,0,0,59.84,80.54,none
309.758,AUTO DEMO / SYNTHETIC RMS,0.001856,0.002142,0.004142,1.000,0.00000,0.00000,0,0,58.29,84.54,none
310.007,AUTO DEMO / SYNTHETIC RMS,0.002020,0.002142,0.004142,1.000,0.00000,0.00000,0,0,59.22,86.54,none
310.257,AUTO DEMO / SYNTHETIC RMS,0.002127,0.002142,0.004142,1.000,0.00000,0.00000,0,0,59.64,90.54,none
310.508,AUTO DEMO / SYNTHETIC RMS,0.001874,0.002142,0.004142,1.000,0.00000,0.00000,0,0,59.68,92.54,none
310.757,AUTO DEMO / SYNTHETIC RMS,0.001977,0.002142,0.004142,1.000,0.00000,0.00000,0,0,60.02,96.54,none
311.013,AUTO DEMO / SYNTHETIC RMS,0.002142,0.002142,0.004142,1.000,0.00000,0.00000,0,0,59.31,98.54,none
311.263,AUTO DEMO / SYNTHETIC RMS,0.001897,0.002142,0.004142,1.000,0.00000,0.00000,0,0,59.64,102.54,none
311.505,AUTO DEMO / SYNTHETIC RMS,0.001935,0.002142,0.004142,1.000,0.00000,0.00000,0,0,58.76,104.54,none
311.756,AUTO DEMO / SYNTHETIC RMS,0.002150,0.002142,0.004142,1.000,0.00000,0.00000,0,0,59.34,108.54,none
312.005,AUTO DEMO / SYNTHETIC RMS,0.002006,0.002142,0.004142,1.000,0.00000,0.00000,0,0,59.78,110.54,none
312.255,AUTO DEMO / SYNTHETIC RMS,0.002134,0.002142,0.004142,1.000,0.00000,0.00000,0,0,59.90,114.54,none
312.506,AUTO DEMO / SYNTHETIC RMS,0.001881,0.002142,0.004142,1.000,0.00000,0.00000,0,0,59.72,116.54,none
312.758,AUTO DEMO / SYNTHETIC RMS,0.001967,0.002142,0.004142,1.000,0.00000,0.00000,0,0,59.71,120.54,none
313.009,AUTO DEMO / SYNTHETIC RMS,0.002146,0.002142,0.004142,1.000,0.00000,0.00000,0,0,59.76,122.54,none
313.259,AUTO DEMO / SYNTHETIC RMS,0.001909,0.002142,0.004142,1.000,0.00000,0.00000,0,0,59.88,126.54,none
313.510,AUTO DEMO / SYNTHETIC RMS,0.001930,0.002142,0.004142,1.000,0.00000,0.00000,0,0,59.82,130.54,none
313.764,AUTO DEMO / SYNTHETIC RMS,0.002150,0.002142,0.004142,1.000,0.00000,0.00000,0,0,59.42,132.54,none
314.014,AUTO DEMO / SYNTHETIC RMS,0.001941,0.002142,0.004142,1.000,0.00000,0.00000,0,0,58.04,134.54,none
314.259,AUTO DEMO / SYNTHETIC RMS,0.001895,0.002142,0.004142,1.000,0.00000,0.00000,0,0,57.12,138.54,none
314.510,AUTO DEMO / SYNTHETIC RMS,0.002141,0.002142,0.004142,1.000,0.00000,0.00000,0,0,58.51,140.54,none
314.762,AUTO DEMO / SYNTHETIC RMS,0.001984,0.002142,0.004142,1.000,0.00000,0.00000,0,0,58.95,144.54,none
315.012,AUTO DEMO / SYNTHETIC RMS,0.001871,0.002142,0.004142,1.000,0.00000,0.00000,0,0,59.46,148.54,none
315.261,AUTO DEMO / SYNTHETIC RMS,0.002123,0.002142,0.004142,1.000,0.00000,0.00000,0,0,59.79,150.54,none
315.501,AUTO DEMO / SYNTHETIC RMS,0.002039,0.002142,0.004142,1.000,0.00000,0.00000,0,0,51.58,152.54,none
315.752,AUTO DEMO / SYNTHETIC RMS,0.001852,0.002142,0.004142,1.000,0.00000,0.00000,0,0,55.62,156.54,none
316.001,AUTO DEMO / SYNTHETIC RMS,0.002084,0.002142,0.004142,1.000,0.00000,0.00000,0,0,58.06,158.54,none
316.252,AUTO DEMO / SYNTHETIC RMS,0.002077,0.002142,0.004142,1.000,0.00000,0.00000,0,0,58.92,162.54,none
316.501,AUTO DEMO / SYNTHETIC RMS,0.001851,0.002142,0.004142,1.000,0.00000,0.00000,0,0,59.59,164.54,none
316.751,AUTO DEMO / SYNTHETIC RMS,0.002046,0.002142,0.004142,1.000,0.00000,0.00000,0,0,59.96,168.54,none
317.002,AUTO DEMO / SYNTHETIC RMS,0.002109,0.002142,0.004142,1.000,0.00000,0.00000,0,0,59.77,170.54,none
317.253,AUTO DEMO / SYNTHETIC RMS,0.001861,0.002142,0.004142,1.000,0.00000,0.00000,0,0,59.73,174.54,none
317.501,AUTO DEMO / SYNTHETIC RMS,0.002005,0.002142,0.004142,1.000,0.00000,0.00000,0,0,60.03,176.54,none
317.763,AUTO DEMO / SYNTHETIC RMS,0.002128,0.002142,0.004142,1.000,0.00000,0.00000,0,0,58.12,180.54,none
318.014,AUTO DEMO / SYNTHETIC RMS,0.015117,0.002142,0.004142,1.000,0.18292,0.02897,0,0,58.86,182.54,none
318.264,AUTO DEMO / SYNTHETIC RMS,0.016826,0.002142,0.004142,1.000,0.21141,0.18750,6,1,59.52,186.54,none
318.501,AUTO DEMO / SYNTHETIC RMS,0.018679,0.002142,0.004142,1.000,0.24229,0.23039,14,1,59.23,188.54,none
318.752,AUTO DEMO / SYNTHETIC RMS,0.018821,0.002142,0.004142,1.000,0.24465,0.24520,22,1,59.57,192.54,none
319.002,AUTO DEMO / SYNTHETIC RMS,0.017444,0.002142,0.004142,1.000,0.22170,0.24060,31,1,59.70,194.54,none
319.253,AUTO DEMO / SYNTHETIC RMS,0.015804,0.002142,0.004142,1.000,0.19437,0.22788,40,1,59.78,198.54,none
319.512,AUTO DEMO / SYNTHETIC RMS,0.014982,0.002142,0.004142,1.000,0.18066,0.21150,48,1,58.33,200.54,none
319.765,AUTO DEMO / SYNTHETIC RMS,0.016212,0.002142,0.004142,1.000,0.20117,0.20340,56,1,58.85,204.54,none
320.015,AUTO DEMO / SYNTHETIC RMS,0.018352,0.002142,0.004142,1.000,0.23683,0.22559,63,1,59.42,206.54,none
320.265,AUTO DEMO / SYNTHETIC RMS,0.018971,0.002142,0.004142,1.000,0.24716,0.24506,72,1,59.76,210.54,none
320.516,AUTO DEMO / SYNTHETIC RMS,0.017819,0.002142,0.004142,1.000,0.22795,0.24255,77,0,59.76,212.54,none
320.753,AUTO DEMO / SYNTHETIC RMS,0.016237,0.002142,0.004142,1.000,0.20159,0.23213,77,0,56.61,216.54,none
321.007,AUTO DEMO / SYNTHETIC RMS,0.015039,0.002142,0.004142,1.000,0.18162,0.21604,78,0,57.86,218.54,none
321.258,AUTO DEMO / SYNTHETIC RMS,0.015622,0.002142,0.004142,1.000,0.19134,0.20435,76,0,58.82,222.54,none
321.507,AUTO DEMO / SYNTHETIC RMS,0.017740,0.002142,0.004142,1.000,0.22663,0.21599,77,0,55.81,224.54,none
321.765,AUTO DEMO / SYNTHETIC RMS,0.019018,0.002142,0.004142,1.000,0.24793,0.24250,75,0,55.40,228.54,none
322.015,AUTO DEMO / SYNTHETIC RMS,0.067035,0.002142,0.004142,1.000,1.00000,0.45461,77,0,57.78,230.54,none
322.261,AUTO DEMO / SYNTHETIC RMS,0.070756,0.002142,0.004142,1.000,1.00000,0.95327,94,1,57.26,234.54,none
322.507,AUTO DEMO / SYNTHETIC RMS,0.077069,0.002142,0.004142,1.000,1.00000,0.99600,109,1,55.70,236.54,none
322.760,AUTO DEMO / SYNTHETIC RMS,0.082724,0.002142,0.004142,1.000,1.00000,0.99968,130,1,57.45,240.54,none
323.014,AUTO DEMO / SYNTHETIC RMS,0.085008,0.002142,0.004142,1.000,1.00000,0.99997,150,2,58.30,242.54,none
323.257,AUTO DEMO / SYNTHETIC RMS,0.082493,0.002142,0.004142,1.000,1.00000,1.00000,169,2,58.02,246.54,none
323.507,AUTO DEMO / SYNTHETIC RMS,0.076167,0.002142,0.004142,1.000,1.00000,1.00000,180,2,58.93,248.54,none
323.759,AUTO DEMO / SYNTHETIC RMS,0.070034,0.002142,0.004142,1.000,1.00000,1.00000,179,2,59.26,28.55,none
324.011,AUTO DEMO / SYNTHETIC RMS,0.067183,0.002142,0.004142,1.000,1.00000,1.00000,180,3,59.35,32.55,none
324.264,AUTO DEMO / SYNTHETIC RMS,0.068827,0.002142,0.004142,1.000,1.00000,1.00000,180,3,59.32,34.55,none
324.513,AUTO DEMO / SYNTHETIC RMS,0.074533,0.002142,0.004142,1.000,1.00000,1.00000,178,2,59.80,38.55,none
324.766,AUTO DEMO / SYNTHETIC RMS,0.081257,0.002142,0.004142,1.000,1.00000,1.00000,175,2,59.38,42.55,none
325.000,AUTO DEMO / SYNTHETIC RMS,0.084633,0.002142,0.004142,1.000,1.00000,1.00000,178,3,59.71,44.55,none
325.250,AUTO DEMO / SYNTHETIC RMS,0.083860,0.002142,0.004142,1.000,1.00000,1.00000,178,3,59.91,48.55,none
325.501,AUTO DEMO / SYNTHETIC RMS,0.079105,0.002142,0.004142,1.000,1.00000,1.00000,179,2,59.94,50.55,none
325.760,AUTO DEMO / SYNTHETIC RMS,0.072135,0.002142,0.004142,1.000,1.00000,1.00000,180,2,58.99,54.55,none
326.011,AUTO DEMO / SYNTHETIC RMS,0.067497,0.002142,0.004142,1.000,1.00000,1.00000,178,3,59.36,58.55,none
326.264,AUTO DEMO / SYNTHETIC RMS,0.067786,0.002142,0.004142,1.000,1.00000,1.00000,176,2,59.32,60.55,none
326.514,AUTO DEMO / SYNTHETIC RMS,0.072217,0.002142,0.004142,1.000,1.00000,1.00000,180,2,59.63,64.55,none
326.752,AUTO DEMO / SYNTHETIC RMS,0.078312,0.002142,0.004142,1.000,1.00000,1.00000,177,2,56.57,66.55,none
327.003,AUTO DEMO / SYNTHETIC RMS,0.083813,0.002142,0.004142,1.000,1.00000,1.00000,179,3,58.21,70.55,none
327.254,AUTO DEMO / SYNTHETIC RMS,0.084867,0.002142,0.004142,1.000,1.00000,1.00000,178,2,59.01,74.55,none
327.514,AUTO DEMO / SYNTHETIC RMS,0.080769,0.002142,0.004142,1.000,1.00000,1.00000,177,2,58.53,76.55,none
327.756,AUTO DEMO / SYNTHETIC RMS,0.074730,0.002142,0.004142,1.000,1.00000,1.00000,178,2,58.03,80.55,none
328.007,AUTO DEMO / SYNTHETIC RMS,0.002101,0.002142,0.004142,1.000,0.00000,0.96846,177,3,58.97,82.55,none
328.257,AUTO DEMO / SYNTHETIC RMS,0.001857,0.002142,0.004142,1.000,0.00000,0.61498,177,2,59.52,86.55,none
328.506,AUTO DEMO / SYNTHETIC RMS,0.002017,0.002142,0.004142,1.000,0.00000,0.39068,174,2,59.85,90.55,none
328.756,AUTO DEMO / SYNTHETIC RMS,0.002129,0.002142,0.004142,1.000,0.00000,0.24804,162,2,59.98,92.55,none
329.006,AUTO DEMO / SYNTHETIC RMS,0.001876,0.002142,0.004142,1.000,0.00000,0.15739,164,2,60.02,96.55,none
329.257,AUTO DEMO / SYNTHETIC RMS,0.001976,0.002142,0.004142,1.000,0.00000,0.09975,148,1,59.91,98.55,none
329.512,AUTO DEMO / SYNTHETIC RMS,0.002143,0.002142,0.004142,1.000,0.00000,0.06281,134,1,56.37,102.55,none
329.766,AUTO DEMO / SYNTHETIC RMS,0.001896,0.002142,0.004142,1.000,0.00000,0.03957,127,1,56.34,104.55,none
330.000,AUTO DEMO / SYNTHETIC RMS,0.001928,0.002142,0.004142,1.000,0.00000,0.02584,117,1,57.98,108.55,none
330.267,AUTO DEMO / SYNTHETIC RMS,0.002150,0.002142,0.004142,1.000,0.00000,0.01591,100,0,59.03,112.55,none
330.516,AUTO DEMO / SYNTHETIC RMS,0.001931,0.002142,0.004142,1.000,0.00000,0.01012,74,0,59.68,114.55,none
330.766,AUTO DEMO / SYNTHETIC RMS,0.001908,0.002142,0.004142,1.000,0.00000,0.00642,53,0,59.80,118.55,none
331.000,AUTO DEMO / SYNTHETIC RMS,0.002140,0.002142,0.004142,1.000,0.00000,0.00420,42,0,59.85,120.55,none
331.267,AUTO DEMO / SYNTHETIC RMS,0.001969,0.002142,0.004142,1.000,0.00000,0.00258,35,0,59.84,124.55,none
331.506,AUTO DEMO / SYNTHETIC RMS,0.001872,0.002142,0.004142,1.000,0.00000,0.00167,24,0,58.98,126.55,none
331.757,AUTO DEMO / SYNTHETIC RMS,0.002125,0.002142,0.004142,1.000,0.00000,0.00106,14,0,59.45,130.55,none
332.007,AUTO DEMO / SYNTHETIC RMS,0.002023,0.002142,0.004142,1.000,0.00000,0.00000,10,0,59.69,132.55,none
332.258,AUTO DEMO / SYNTHETIC RMS,0.001856,0.002142,0.004142,1.000,0.00000,0.00000,4,0,59.67,136.55,none
332.508,AUTO DEMO / SYNTHETIC RMS,0.002098,0.002142,0.004142,1.000,0.00000,0.00000,3,0,59.74,138.55,none
332.757,AUTO DEMO / SYNTHETIC RMS,0.002064,0.002142,0.004142,1.000,0.00000,0.00000,1,0,59.97,142.55,none
333.008,AUTO DEMO / SYNTHETIC RMS,0.001850,0.002142,0.004142,1.000,0.00000,0.00000,0,0,59.98,144.55,none
333.264,AUTO DEMO / SYNTHETIC RMS,0.002069,0.002142,0.004142,1.000,0.00000,0.00000,0,0,59.37,148.55,none
333.514,AUTO DEMO / SYNTHETIC RMS,0.002093,0.002142,0.004142,1.000,0.00000,0.00000,0,0,59.68,150.55,none
333.765,AUTO DEMO / SYNTHETIC RMS,0.001854,0.002142,0.004142,1.000,0.00000,0.00000,0,0,59.74,154.55,none
334.014,AUTO DEMO / SYNTHETIC RMS,0.002028,0.002142,0.004142,1.000,0.00000,0.00000,0,0,60.06,156.55,none
334.266,AUTO DEMO / SYNTHETIC RMS,0.002121,0.002142,0.004142,1.000,0.00000,0.00000,0,0,59.83,160.55,none
334.515,AUTO DEMO / SYNTHETIC RMS,0.001869,0.002142,0.004142,1.000,0.00000,0.00000,0,0,60.03,162.55,none
334.766,AUTO DEMO / SYNTHETIC RMS,0.001989,0.002142,0.004142,1.000,0.00000,0.00000,0,0,59.86,166.55,none
335.015,AUTO DEMO / SYNTHETIC RMS,0.002141,0.002142,0.004142,1.000,0.00000,0.00000,0,0,60.12,168.55,none
335.266,AUTO DEMO / SYNTHETIC RMS,0.001895,0.002142,0.004142,1.000,0.00000,0.00000,0,0,60.01,172.55,none
335.512,AUTO DEMO / SYNTHETIC RMS,0.001943,0.002142,0.004142,1.000,0.00000,0.00000,0,0,58.54,174.55,none
335.762,AUTO DEMO / SYNTHETIC RMS,0.002150,0.002142,0.004142,1.000,0.00000,0.00000,0,0,59.35,178.55,none
336.012,AUTO DEMO / SYNTHETIC RMS,0.002016,0.002142,0.004142,1.000,0.00000,0.00000,0,0,59.72,180.55,none
336.262,AUTO DEMO / SYNTHETIC RMS,0.002129,0.002142,0.004142,1.000,0.00000,0.00000,0,0,59.87,184.55,none
336.514,AUTO DEMO / SYNTHETIC RMS,0.001876,0.002142,0.004142,1.000,0.00000,0.00000,0,0,59.79,186.55,none
336.763,AUTO DEMO / SYNTHETIC RMS,0.001975,0.002142,0.004142,1.000,0.00000,0.00000,0,0,59.96,190.55,none
337.015,AUTO DEMO / SYNTHETIC RMS,0.002145,0.002142,0.004142,1.000,0.00000,0.00000,0,0,59.79,192.55,none
337.263,AUTO DEMO / SYNTHETIC RMS,0.001904,0.002142,0.004142,1.000,0.00000,0.00000,0,0,60.01,196.55,none
337.514,AUTO DEMO / SYNTHETIC RMS,0.001935,0.002142,0.004142,1.000,0.00000,0.00000,0,0,59.97,200.55,none
337.764,AUTO DEMO / SYNTHETIC RMS,0.002150,0.002142,0.004142,1.000,0.00000,0.00000,0,0,59.96,202.55,none
338.014,AUTO DEMO / SYNTHETIC RMS,0.001940,0.002142,0.004142,1.000,0.00000,0.00000,0,0,59.89,206.55,none
338.265,AUTO DEMO / SYNTHETIC RMS,0.001900,0.002142,0.004142,1.000,0.00000,0.00000,0,0,59.86,208.55,none
338.501,AUTO DEMO / SYNTHETIC RMS,0.002138,0.002142,0.004142,1.000,0.00000,0.00000,0,0,57.16,210.55,none
338.752,AUTO DEMO / SYNTHETIC RMS,0.001996,0.002142,0.004142,1.000,0.00000,0.00000,0,0,58.60,214.55,none
339.002,AUTO DEMO / SYNTHETIC RMS,0.001866,0.002145,0.004145,1.000,0.00000,0.00000,0,0,59.29,218.55,none
339.258,AUTO DEMO / SYNTHETIC RMS,0.002121,0.002145,0.004145,1.000,0.00000,0.00000,0,0,56.59,220.55,none
339.511,AUTO DEMO / SYNTHETIC RMS,0.002027,0.002145,0.004145,1.000,0.00000,0.00000,0,0,58.20,222.55,none
339.762,AUTO DEMO / SYNTHETIC RMS,0.001855,0.002145,0.004145,1.000,0.00000,0.00000,0,0,59.18,226.55,none
340.012,AUTO DEMO / SYNTHETIC RMS,0.002095,0.002145,0.004145,1.000,0.00000,0.00000,0,0,59.54,228.55,none
340.265,AUTO DEMO / SYNTHETIC RMS,0.002063,0.002145,0.004145,1.000,0.00000,0.00000,0,0,59.55,232.55,none
340.514,AUTO DEMO / SYNTHETIC RMS,0.001850,0.002145,0.004145,1.000,0.00000,0.00000,0,0,59.84,234.55,none
340.765,AUTO DEMO / SYNTHETIC RMS,0.002062,0.002145,0.004145,1.000,0.00000,0.00000,0,0,59.88,238.55,none
341.015,AUTO DEMO / SYNTHETIC RMS,0.002098,0.002145,0.004145,1.000,0.00000,0.00000,0,0,59.86,242.55,none
341.250,AUTO DEMO / SYNTHETIC RMS,0.001862,0.002145,0.004145,1.000,0.00000,0.00000,0,0,59.78,244.55,none
341.512,AUTO DEMO / SYNTHETIC RMS,0.002018,0.002145,0.004145,1.000,0.00000,0.00000,0,0,42.45,246.55,none
341.763,AUTO DEMO / SYNTHETIC RMS,0.002128,0.002145,0.004145,1.000,0.00000,0.00000,0,0,50.24,248.55,none
342.015,AUTO DEMO / SYNTHETIC RMS,0.015118,0.002145,0.004145,1.000,0.18289,0.02885,0,0,54.83,28.56,none
342.258,AUTO DEMO / SYNTHETIC RMS,0.016773,0.002145,0.004145,1.000,0.21047,0.18594,6,1,56.33,30.56,none
342.507,AUTO DEMO / SYNTHETIC RMS,0.018708,0.002145,0.004145,1.000,0.24273,0.23107,14,1,58.37,34.56,none
342.757,AUTO DEMO / SYNTHETIC RMS,0.018802,0.002145,0.004145,1.000,0.24430,0.24514,23,1,59.18,36.56,none
343.008,AUTO DEMO / SYNTHETIC RMS,0.017408,0.002145,0.004145,1.000,0.22106,0.24036,31,1,59.53,40.56,none
343.258,AUTO DEMO / SYNTHETIC RMS,0.015772,0.002145,0.004145,1.000,0.19380,0.22750,40,1,59.75,42.56,none
343.508,AUTO DEMO / SYNTHETIC RMS,0.014980,0.002145,0.004145,1.000,0.18060,0.21166,48,1,59.87,46.56,none
343.751,AUTO DEMO / SYNTHETIC RMS,0.016097,0.002145,0.004145,1.000,0.19920,0.20347,56,1,56.59,48.56,none
344.001,AUTO DEMO / SYNTHETIC RMS,0.018253,0.002145,0.004145,1.000,0.23514,0.22380,64,1,58.44,52.56,none
344.252,AUTO DEMO / SYNTHETIC RMS,0.018993,0.002145,0.004145,1.000,0.24747,0.24472,72,1,59.19,54.56,none
344.502,AUTO DEMO / SYNTHETIC RMS,0.017908,0.002145,0.004145,1.000,0.22939,0.24289,77,0,59.57,58.56,none
344.758,AUTO DEMO / SYNTHETIC RMS,0.016205,0.002145,0.004145,1.000,0.20100,0.23183,83,0,58.96,60.56,none
345.008,AUTO DEMO / SYNTHETIC RMS,0.015036,0.002145,0.004145,1.000,0.18153,0.21593,85,0,59.48,64.56,none
345.250,AUTO DEMO / SYNTHETIC RMS,0.015570,0.002145,0.004145,1.000,0.19043,0.20452,85,0,58.32,66.56,none
345.502,AUTO DEMO / SYNTHETIC RMS,0.017700,0.002145,0.004145,1.000,0.22592,0.21523,79,0,59.06,70.56,none
345.751,AUTO DEMO / SYNTHETIC RMS,0.019006,0.002145,0.004145,1.000,0.24769,0.24168,75,0,53.57,72.56,none
346.002,AUTO DEMO / SYNTHETIC RMS,0.066967,0.002145,0.004145,1.000,1.00000,0.36198,79,0,56.79,76.56,none
346.252,AUTO DEMO / SYNTHETIC RMS,0.070544,0.002145,0.004145,1.000,1.00000,0.94789,93,1,58.41,78.56,none
346.516,AUTO DEMO / SYNTHETIC RMS,0.077279,0.002145,0.004145,1.000,1.00000,0.99626,113,1,57.56,82.56,none
346.766,AUTO DEMO / SYNTHETIC RMS,0.082803,0.002145,0.004145,1.000,1.00000,0.99969,135,1,58.87,86.56,none
347.002,AUTO DEMO / SYNTHETIC RMS,0.085006,0.002145,0.004145,1.000,1.00000,0.99997,152,2,59.05,88.56,none
347.252,AUTO DEMO / SYNTHETIC RMS,0.082582,0.002145,0.004145,1.000,1.00000,1.00000,171,2,59.47,92.56,none
347.503,AUTO DEMO / SYNTHETIC RMS,0.076314,0.002145,0.004145,1.000,1.00000,1.00000,179,2,59.67,94.56,none
347.753,AUTO DEMO / SYNTHETIC RMS,0.070154,0.002145,0.004145,1.000,1.00000,1.00000,180,2,59.82,98.56,none
348.007,AUTO DEMO / SYNTHETIC RMS,0.067195,0.002145,0.004145,1.000,1.00000,1.00000,180,3,59.51,102.56,none
348.257,AUTO DEMO / SYNTHETIC RMS,0.068716,0.002145,0.004145,1.000,1.00000,1.00000,179,3,59.76,104.56,none
348.508,AUTO DEMO / SYNTHETIC RMS,0.074374,0.002145,0.004145,1.000,1.00000,1.00000,178,2,59.81,108.56,none
348.762,AUTO DEMO / SYNTHETIC RMS,0.081154,0.002145,0.004145,1.000,1.00000,1.00000,178,2,59.28,110.56,none
349.014,AUTO DEMO / SYNTHETIC RMS,0.084707,0.002145,0.004145,1.000,1.00000,1.00000,176,3,59.49,114.56,none
349.257,AUTO DEMO / SYNTHETIC RMS,0.083782,0.002145,0.004145,1.000,1.00000,1.00000,176,3,53.62,116.56,none
349.512,AUTO DEMO / SYNTHETIC RMS,0.078845,0.002145,0.004145,1.000,1.00000,1.00000,177,2,56.51,120.56,none
349.761,AUTO DEMO / SYNTHETIC RMS,0.072112,0.002145,0.004145,1.000,1.00000,1.00000,178,2,58.39,124.56,none
350.003,AUTO DEMO / SYNTHETIC RMS,0.067587,0.002145,0.004145,1.000,1.00000,1.00000,179,3,58.23,126.56,none
350.253,AUTO DEMO / SYNTHETIC RMS,0.067658,0.002145,0.004145,1.000,1.00000,1.00000,179,2,59.20,130.56,none
350.503,AUTO DEMO / SYNTHETIC RMS,0.071942,0.002145,0.004145,1.000,1.00000,1.00000,175,2,59.57,132.56,none
350.758,AUTO DEMO / SYNTHETIC RMS,0.078441,0.002145,0.004145,1.000,1.00000,1.00000,180,2,59.26,136.56,none
351.008,AUTO DEMO / SYNTHETIC RMS,0.083873,0.002145,0.004145,1.000,1.00000,1.00000,178,3,59.55,140.56,none
351.266,AUTO DEMO / SYNTHETIC RMS,0.084789,0.002145,0.004145,1.000,1.00000,1.00000,179,2,58.89,142.56,none
351.500,AUTO DEMO / SYNTHETIC RMS,0.081097,0.002145,0.004145,1.000,1.00000,1.00000,178,2,59.30,146.56,none
351.757,AUTO DEMO / SYNTHETIC RMS,0.074725,0.002145,0.004145,1.000,1.00000,1.00000,177,2,58.47,148.56,none
352.008,AUTO DEMO / SYNTHETIC RMS,0.002101,0.002145,0.004145,1.000,0.00000,0.97113,178,3,59.21,152.56,none
352.259,AUTO DEMO / SYNTHETIC RMS,0.001857,0.002145,0.004145,1.000,0.00000,0.61545,170,2,57.42,156.56,none
352.511,AUTO DEMO / SYNTHETIC RMS,0.002021,0.002145,0.004145,1.000,0.00000,0.38938,173,2,58.65,158.56,none
352.762,AUTO DEMO / SYNTHETIC RMS,0.002125,0.002145,0.004145,1.000,0.00000,0.24646,165,2,59.16,162.56,none
353.010,AUTO DEMO / SYNTHETIC RMS,0.001874,0.002145,0.004145,1.000,0.00000,0.15697,163,2,59.87,164.56,none
353.261,AUTO DEMO / SYNTHETIC RMS,0.001980,0.002145,0.004145,1.000,0.00000,0.09947,156,1,59.84,168.56,none
353.512,AUTO DEMO / SYNTHETIC RMS,0.002143,0.002145,0.004145,1.000,0.00000,0.06304,145,1,59.90,172.56,none
353.751,AUTO DEMO / SYNTHETIC RMS,0.001910,0.002145,0.004145,1.000,0.00000,0.04084,127,1,59.12,174.56,none
354.001,AUTO DEMO / SYNTHETIC RMS,0.001927,0.002145,0.004145,1.000,0.00000,0.02594,110,1,59.68,178.56,none
354.251,AUTO DEMO / SYNTHETIC RMS,0.002150,0.002145,0.004145,1.000,0.00000,0.01645,90,0,59.81,180.56,none
354.501,AUTO DEMO / SYNTHETIC RMS,0.001947,0.002145,0.004145,1.000,0.00000,0.01044,72,0,59.89,184.56,none
354.751,AUTO DEMO / SYNTHETIC RMS,0.001894,0.002145,0.004145,1.000,0.00000,0.00662,57,0,59.92,186.56,none
355.002,AUTO DEMO / SYNTHETIC RMS,0.002141,0.002145,0.004145,1.000,0.00000,0.00420,41,0,59.89,190.56,none
355.250,AUTO DEMO / SYNTHETIC RMS,0.001990,0.002145,0.004145,1.000,0.00000,0.00267,26,0,58.35,192.56,none
355.501,AUTO DEMO / SYNTHETIC RMS,0.001868,0.002145,0.004145,1.000,0.00000,0.00170,20,0,59.22,196.56,none
355.752,AUTO DEMO / SYNTHETIC RMS,0.002121,0.002145,0.004145,1.000,0.00000,0.00107,13,0,59.33,198.56,none
356.011,AUTO DEMO / SYNTHETIC RMS,0.002019,0.002145,0.004145,1.000,0.00000,0.00000,9,0,58.57,202.56,none
356.260,AUTO DEMO / SYNTHETIC RMS,0.001856,0.002145,0.004145,1.000,0.00000,0.00000,7,0,59.44,204.56,none
356.511,AUTO DEMO / SYNTHETIC RMS,0.002100,0.002145,0.004145,1.000,0.00000,0.00000,5,0,59.70,208.56,none
356.761,AUTO DEMO / SYNTHETIC RMS,0.002060,0.002145,0.004145,1.000,0.00000,0.00000,2,0,59.87,210.56,none
357.011,AUTO DEMO / SYNTHETIC RMS,0.001850,0.002145,0.004145,1.000,0.00000,0.00000,0,0,59.98,214.56,none
357.261,AUTO DEMO / SYNTHETIC RMS,0.002065,0.002145,0.004145,1.000,0.00000,0.00000,0,0,60.04,216.56,none
357.511,AUTO DEMO / SYNTHETIC RMS,0.002096,0.002145,0.004145,1.000,0.00000,0.00000,0,0,60.06,220.56,none
357.761,AUTO DEMO / SYNTHETIC RMS,0.001855,0.002145,0.004145,1.000,0.00000,0.00000,0,0,60.07,224.56,none
358.012,AUTO DEMO / SYNTHETIC RMS,0.002026,0.002145,0.004145,1.000,0.00000,0.00000,0,0,56.83,226.56,none
358.262,AUTO DEMO / SYNTHETIC RMS,0.002124,0.002145,0.004145,1.000,0.00000,0.00000,0,0,58.54,228.56,none
358.513,AUTO DEMO / SYNTHETIC RMS,0.001871,0.002145,0.004145,1.000,0.00000,0.00000,0,0,59.21,232.56,none
358.763,AUTO DEMO / SYNTHETIC RMS,0.001984,0.002145,0.004145,1.000,0.00000,0.00000,0,0,59.62,234.56,none
359.012,AUTO DEMO / SYNTHETIC RMS,0.002142,0.002145,0.004145,1.000,0.00000,0.00000,0,0,59.86,238.56,none
359.263,AUTO DEMO / SYNTHETIC RMS,0.001898,0.002145,0.004145,1.000,0.00000,0.00000,0,0,59.90,240.56,none
359.510,AUTO DEMO / SYNTHETIC RMS,0.001940,0.002145,0.004145,1.000,0.00000,0.00000,0,0,58.51,244.56,none
359.760,AUTO DEMO / SYNTHETIC RMS,0.002150,0.002145,0.004145,1.000,0.00000,0.00000,0,0,59.31,246.56,none
360.010,AUTO DEMO / SYNTHETIC RMS,0.002013,0.002145,0.004145,1.000,0.00000,0.00000,0,0,59.65,250.56,none
360.261,AUTO DEMO / SYNTHETIC RMS,0.002130,0.002145,0.004145,1.000,0.00000,0.00000,0,0,59.82,28.55,none
360.510,AUTO DEMO / SYNTHETIC RMS,0.001879,0.002145,0.004145,1.000,0.00000,0.00000,0,0,60.07,32.55,none
360.761,AUTO DEMO / SYNTHETIC RMS,0.001971,0.002145,0.004145,1.000,0.00000,0.00000,0,0,59.94,34.55,none
361.010,AUTO DEMO / SYNTHETIC RMS,0.002146,0.002145,0.004145,1.000,0.00000,0.00000,0,0,60.17,38.55,none
361.265,AUTO DEMO / SYNTHETIC RMS,0.001904,0.002145,0.004145,1.000,0.00000,0.00000,0,0,59.37,40.56,none
361.514,AUTO DEMO / SYNTHETIC RMS,0.001935,0.002145,0.004145,1.000,0.00000,0.00000,0,0,59.83,44.55,none
361.763,AUTO DEMO / SYNTHETIC RMS,0.002150,0.002145,0.004145,1.000,0.00000,0.00000,0,0,55.54,46.55,none
362.012,AUTO DEMO / SYNTHETIC RMS,0.001943,0.002145,0.004145,1.000,0.00000,0.00000,0,0,58.01,50.55,none
362.262,AUTO DEMO / SYNTHETIC RMS,0.001898,0.002145,0.004145,1.000,0.00000,0.00000,0,0,59.10,52.56,none
362.512,AUTO DEMO / SYNTHETIC RMS,0.002142,0.002145,0.004145,1.000,0.00000,0.00000,0,0,59.71,56.55,none
362.755,AUTO DEMO / SYNTHETIC RMS,0.001992,0.002145,0.004145,1.000,0.00000,0.00000,0,0,57.14,58.55,none
363.005,AUTO DEMO / SYNTHETIC RMS,0.001867,0.002142,0.004142,1.000,0.00000,0.00000,0,0,58.57,62.55,none
363.254,AUTO DEMO / SYNTHETIC RMS,0.002118,0.002142,0.004142,1.000,0.00000,0.00000,0,0,59.41,64.56,none
363.504,AUTO DEMO / SYNTHETIC RMS,0.002035,0.002142,0.004142,1.000,0.00000,0.00000,0,0,59.74,68.55,none
363.754,AUTO DEMO / SYNTHETIC RMS,0.001853,0.002142,0.004142,1.000,0.00000,0.00000,0,0,59.89,70.55,none
364.008,AUTO DEMO / SYNTHETIC RMS,0.002091,0.002142,0.004142,1.000,0.00000,0.00000,0,0,59.50,74.55,none
364.258,AUTO DEMO / SYNTHETIC RMS,0.002071,0.002142,0.004142,1.000,0.00000,0.00000,0,0,59.77,76.56,none
364.511,AUTO DEMO / SYNTHETIC RMS,0.001850,0.002142,0.004142,1.000,0.00000,0.00000,0,0,59.55,80.55,none
364.761,AUTO DEMO / SYNTHETIC RMS,0.002057,0.002142,0.004142,1.000,0.00000,0.00000,0,0,59.78,82.55,none
365.011,AUTO DEMO / SYNTHETIC RMS,0.002102,0.002142,0.004142,1.000,0.00000,0.00000,0,0,59.93,86.55,none
365.261,AUTO DEMO / SYNTHETIC RMS,0.001858,0.002142,0.004142,1.000,0.00000,0.00000,0,0,59.93,88.56,none
365.511,AUTO DEMO / SYNTHETIC RMS,0.002016,0.002142,0.004142,1.000,0.00000,0.00000,0,0,59.94,92.55,none
365.761,AUTO DEMO / SYNTHETIC RMS,0.002129,0.002142,0.004142,1.000,0.00000,0.00000,0,0,59.88,94.55,none
366.011,AUTO DEMO / SYNTHETIC RMS,0.015106,0.002142,0.004142,1.000,0.18273,0.02796,0,0,59.97,98.55,none
366.261,AUTO DEMO / SYNTHETIC RMS,0.016801,0.002142,0.004142,1.000,0.21098,0.18716,6,1,59.97,100.55,none
366.511,AUTO DEMO / SYNTHETIC RMS,0.018728,0.002142,0.004142,1.000,0.24310,0.23166,14,1,59.96,104.55,none
366.761,AUTO DEMO / SYNTHETIC RMS,0.018789,0.002142,0.004142,1.000,0.24412,0.24517,23,1,59.97,106.55,none
367.014,AUTO DEMO / SYNTHETIC RMS,0.017364,0.002142,0.004142,1.000,0.22036,0.24015,32,1,59.41,110.55,none
367.264,AUTO DEMO / SYNTHETIC RMS,0.015736,0.002142,0.004142,1.000,0.19323,0.22713,40,1,59.71,114.55,none
367.514,AUTO DEMO / SYNTHETIC RMS,0.014983,0.002142,0.004142,1.000,0.18069,0.21134,48,1,59.83,116.55,none
367.765,AUTO DEMO / SYNTHETIC RMS,0.016210,0.002142,0.004142,1.000,0.20113,0.20340,56,1,59.79,120.55,none
368.001,AUTO DEMO / SYNTHETIC RMS,0.018250,0.002142,0.004142,1.000,0.23513,0.22378,63,1,59.71,122.55,none
368.252,AUTO DEMO / SYNTHETIC RMS,0.018993,0.002142,0.004142,1.000,0.24751,0.24475,71,1,59.78,126.55,none
368.501,AUTO DEMO / SYNTHETIC RMS,0.017911,0.002142,0.004142,1.000,0.22949,0.24294,74,0,59.96,128.55,none
368.752,AUTO DEMO / SYNTHETIC RMS,0.016245,0.002142,0.004142,1.000,0.20171,0.23224,78,0,59.96,132.55,none
369.002,AUTO DEMO / SYNTHETIC RMS,0.015049,0.002142,0.004142,1.000,0.18178,0.21638,81,0,59.95,134.55,none
369.252,AUTO DEMO / SYNTHETIC RMS,0.015581,0.002142,0.004142,1.000,0.19064,0.20451,83,0,59.96,138.55,none
369.502,AUTO DEMO / SYNTHETIC RMS,0.017697,0.002142,0.004142,1.000,0.22591,0.21523,84,0,60.01,140.56,none
369.751,AUTO DEMO / SYNTHETIC RMS,0.019007,0.002142,0.004142,1.000,0.24774,0.24161,84,0,60.08,144.56,none
370.002,AUTO DEMO / SYNTHETIC RMS,0.066969,0.002142,0.004142,1.000,1.00000,0.36037,79,0,59.97,148.55,none
370.254,AUTO DEMO / SYNTHETIC RMS,0.070585,0.002142,0.004142,1.000,1.00000,0.94849,95,1,59.76,150.55,none
370.505,AUTO DEMO / SYNTHETIC RMS,0.077000,0.002142,0.004142,1.000,1.00000,0.99580,114,1,59.76,154.55,none
370.758,AUTO DEMO / SYNTHETIC RMS,0.082677,0.002142,0.004142,1.000,1.00000,0.99967,134,1,59.25,156.55,none
371.003,AUTO DEMO / SYNTHETIC RMS,0.085007,0.002142,0.004142,1.000,1.00000,0.99997,154,2,58.43,160.56,none
371.252,AUTO DEMO / SYNTHETIC RMS,0.082591,0.002142,0.004142,1.000,1.00000,1.00000,176,2,59.34,162.55,none
371.508,AUTO DEMO / SYNTHETIC RMS,0.076179,0.002142,0.004142,1.000,1.00000,1.00000,180,2,58.80,166.55,none
371.761,AUTO DEMO / SYNTHETIC RMS,0.070004,0.002142,0.004142,1.000,1.00000,1.00000,180,2,59.01,170.55,none
372.057,AUTO DEMO / SYNTHETIC RMS,0.067129,0.002142,0.004142,1.000,1.00000,1.00000,177,3,32.25,172.55,none
372.262,AUTO DEMO / SYNTHETIC RMS,0.068785,0.002142,0.004142,1.000,1.00000,1.00000,179,3,34.65,172.55,none
372.504,AUTO DEMO / SYNTHETIC RMS,0.074257,0.002142,0.004142,1.000,1.00000,1.00000,179,2,43.71,176.56,none
372.754,AUTO DEMO / SYNTHETIC RMS,0.080968,0.002142,0.004142,1.000,1.00000,1.00000,177,2,51.11,180.55,none
373.004,AUTO DEMO / SYNTHETIC RMS,0.084654,0.002142,0.004142,1.000,1.00000,1.00000,178,3,55.53,182.55,none
373.254,AUTO DEMO / SYNTHETIC RMS,0.083816,0.002142,0.004142,1.000,1.00000,1.00000,169,3,57.86,186.55,none
373.557,AUTO DEMO / SYNTHETIC RMS,0.077643,0.002142,0.004142,1.000,1.00000,1.00000,171,2,45.47,188.55,none
373.754,AUTO DEMO / SYNTHETIC RMS,0.072293,0.002142,0.004142,1.000,1.00000,1.00000,178,2,47.32,190.55,none
374.001,AUTO DEMO / SYNTHETIC RMS,0.067599,0.002142,0.004142,1.000,1.00000,1.00000,177,3,51.66,194.55,none
374.253,AUTO DEMO / SYNTHETIC RMS,0.067664,0.002142,0.004142,1.000,1.00000,1.00000,179,2,53.34,196.55,none
374.501,AUTO DEMO / SYNTHETIC RMS,0.071886,0.002142,0.004142,1.000,1.00000,1.00000,178,2,51.85,198.55,none
374.752,AUTO DEMO / SYNTHETIC RMS,0.078299,0.002142,0.004142,1.000,1.00000,1.00000,179,2,55.79,202.55,none
375.015,AUTO DEMO / SYNTHETIC RMS,0.083962,0.002142,0.004142,1.000,1.00000,1.00000,180,3,56.80,206.55,none
375.268,AUTO DEMO / SYNTHETIC RMS,0.084771,0.002142,0.004142,1.000,1.00000,1.00000,180,2,58.01,208.55,none
375.507,AUTO DEMO / SYNTHETIC RMS,0.080944,0.002142,0.004142,1.000,1.00000,1.00000,178,2,58.30,212.55,none
375.761,AUTO DEMO / SYNTHETIC RMS,0.074636,0.002142,0.004142,1.000,1.00000,1.00000,176,2,58.70,216.55,none
376.010,AUTO DEMO / SYNTHETIC RMS,0.002099,0.002142,0.004142,1.000,0.00000,0.96994,179,3,59.43,218.55,none
376.263,AUTO DEMO / SYNTHETIC RMS,0.001855,0.002142,0.004142,1.000,0.00000,0.61183,176,2,59.28,222.55,none
376.513,AUTO DEMO / SYNTHETIC RMS,0.002024,0.002142,0.004142,1.000,0.00000,0.38835,170,2,59.65,224.55,none
376.764,AUTO DEMO / SYNTHETIC RMS,0.002124,0.002142,0.004142,1.000,0.00000,0.24632,159,2,59.74,228.55,none
377.015,AUTO DEMO / SYNTHETIC RMS,0.001871,0.002142,0.004142,1.000,0.00000,0.15587,152,2,59.67,232.55,none
377.265,AUTO DEMO / SYNTHETIC RMS,0.001984,0.002142,0.004142,1.000,0.00000,0.09902,144,1,59.93,234.55,none
377.503,AUTO DEMO / SYNTHETIC RMS,0.002146,0.002142,0.004142,1.000,0.00000,0.06427,135,1,59.38,238.55,none
377.761,AUTO DEMO / SYNTHETIC RMS,0.001901,0.002142,0.004142,1.000,0.00000,0.04016,125,1,52.90,240.55,none
378.012,AUTO DEMO / SYNTHETIC RMS,0.001939,0.002142,0.004142,1.000,0.00000,0.02547,110,1,56.43,244.55,none
378.254,AUTO DEMO / SYNTHETIC RMS,0.002150,0.002142,0.004142,1.000,0.00000,0.01638,92,0,57.10,246.55,none
378.518,AUTO DEMO / SYNTHETIC RMS,0.001929,0.002142,0.004142,1.000,0.00000,0.01015,74,0,57.18,250.55,none
378.764,AUTO DEMO / SYNTHETIC RMS,0.001905,0.002142,0.004142,1.000,0.00000,0.00649,58,0,56.85,28.57,none
379.014,AUTO DEMO / SYNTHETIC RMS,0.002145,0.002142,0.004142,1.000,0.00000,0.00412,38,0,58.56,32.57,none
379.265,AUTO DEMO / SYNTHETIC RMS,0.001972,0.002142,0.004142,1.000,0.00000,0.00261,27,0,59.18,34.57,none
379.514,AUTO DEMO / SYNTHETIC RMS,0.001877,0.002142,0.004142,1.000,0.00000,0.00166,17,0,59.79,38.57,none
379.752,AUTO DEMO / SYNTHETIC RMS,0.002121,0.002142,0.004142,1.000,0.00000,0.00108,14,0,59.32,40.57,none
380.003,AUTO DEMO / SYNTHETIC RMS,0.002029,0.002142,0.004142,1.000,0.00000,0.00000,11,0,59.60,44.57,none
380.253,AUTO DEMO / SYNTHETIC RMS,0.001854,0.002142,0.004142,1.000,0.00000,0.00000,9,0,59.81,46.57,none
380.503,AUTO DEMO / SYNTHETIC RMS,0.002093,0.002142,0.004142,1.000,0.00000,0.00000,6,0,59.86,50.57,none
380.770,AUTO DEMO / SYNTHETIC RMS,0.002050,0.002142,0.004142,1.000,0.00000,0.00000,3,0,57.09,52.57,none
381.000,AUTO DEMO / SYNTHETIC RMS,0.001850,0.002142,0.004142,1.000,0.00000,0.00000,1,0,56.65,54.57,none
381.250,AUTO DEMO / SYNTHETIC RMS,0.002053,0.002142,0.004142,1.000,0.00000,0.00000,0,0,58.35,58.57,none
381.512,AUTO DEMO / SYNTHETIC RMS,0.002095,0.002142,0.004142,1.000,0.00000,0.00000,0,0,46.53,60.58,none
381.752,AUTO DEMO / SYNTHETIC RMS,0.001858,0.002142,0.004142,1.000,0.00000,0.00000,0,0,52.00,62.57,none
382.022,AUTO DEMO / SYNTHETIC RMS,0.002038,0.002142,0.004142,1.000,0.00000,0.00000,0,0,37.77,64.57,none
382.252,AUTO DEMO / SYNTHETIC RMS,0.002130,0.002142,0.004142,1.000,0.00000,0.00000,0,0,42.10,66.57,none
382.502,AUTO DEMO / SYNTHETIC RMS,0.001878,0.002142,0.004142,1.000,0.00000,0.00000,0,0,50.18,70.57,none
382.755,AUTO DEMO / SYNTHETIC RMS,0.001975,0.002142,0.004142,1.000,0.00000,0.00000,0,0,53.03,72.58,none
383.002,AUTO DEMO / SYNTHETIC RMS,0.002146,0.002142,0.004142,1.000,0.00000,0.00000,0,0,55.19,74.57,none
383.253,AUTO DEMO / SYNTHETIC RMS,0.001906,0.002142,0.004142,1.000,0.00000,0.00000,0,0,57.53,78.57,none
383.503,AUTO DEMO / SYNTHETIC RMS,0.001932,0.002142,0.004142,1.000,0.00000,0.00000,0,0,58.77,80.57,none
383.754,AUTO DEMO / SYNTHETIC RMS,0.002150,0.002142,0.004142,1.000,0.00000,0.00000,0,0,59.27,84.57,none
384.005,AUTO DEMO / SYNTHETIC RMS,0.002007,0.002142,0.004142,1.000,0.00000,0.00000,0,0,59.68,88.57,none
384.263,AUTO DEMO / SYNTHETIC RMS,0.002129,0.002142,0.004142,1.000,0.00000,0.00000,0,0,53.60,90.57,none
384.514,AUTO DEMO / SYNTHETIC RMS,0.001876,0.002142,0.004142,1.000,0.00000,0.00000,0,0,56.74,92.58,none
384.764,AUTO DEMO / SYNTHETIC RMS,0.001974,0.002142,0.004142,1.000,0.00000,0.00000,0,0,58.48,96.57,none
385.018,AUTO DEMO / SYNTHETIC RMS,0.002144,0.002142,0.004142,1.000,0.00000,0.00000,0,0,50.73,98.57,none
385.265,AUTO DEMO / SYNTHETIC RMS,0.001903,0.002142,0.004142,1.000,0.00000,0.00000,0,0,46.84,100.57,none
385.515,AUTO DEMO / SYNTHETIC RMS,0.001936,0.002142,0.004142,1.000,0.00000,0.00000,0,0,53.10,104.57,none
385.798,AUTO DEMO / SYNTHETIC RMS,0.002145,0.002142,0.004142,1.000,0.00000,0.00000,0,0,45.14,106.57,none
386.010,AUTO DEMO / SYNTHETIC RMS,0.001945,0.002142,0.004142,1.000,0.00000,0.00000,0,0,46.68,108.57,none
386.251,AUTO DEMO / SYNTHETIC RMS,0.001888,0.002142,0.004142,1.000,0.00000,0.00000,0,0,52.09,110.57,none
386.502,AUTO DEMO / SYNTHETIC RMS,0.002138,0.002142,0.004142,1.000,0.00000,0.00000,0,0,55.97,114.57,none
386.752,AUTO DEMO / SYNTHETIC RMS,0.001995,0.002142,0.004142,1.000,0.00000,0.00000,0,0,57.95,116.57,none
387.009,AUTO DEMO / SYNTHETIC RMS,0.001870,0.002141,0.004141,1.000,0.00000,0.00000,0,0,58.37,120.57,none
387.259,AUTO DEMO / SYNTHETIC RMS,0.002121,0.002141,0.004141,1.000,0.00000,0.00000,0,0,59.31,122.57,none
387.510,AUTO DEMO / SYNTHETIC RMS,0.002029,0.002141,0.004141,1.000,0.00000,0.00000,0,0,59.50,126.57,none
387.763,AUTO DEMO / SYNTHETIC RMS,0.001855,0.002141,0.004141,1.000,0.00000,0.00000,0,0,59.34,128.58,none
388.001,AUTO DEMO / SYNTHETIC RMS,0.002085,0.002141,0.004141,1.000,0.00000,0.00000,0,0,56.35,132.58,none
388.250,AUTO DEMO / SYNTHETIC RMS,0.002078,0.002141,0.004141,1.000,0.00000,0.00000,0,0,58.39,134.57,none
388.501,AUTO DEMO / SYNTHETIC RMS,0.001851,0.002141,0.004141,1.000,0.00000,0.00000,0,0,59.19,138.57,none
388.752,AUTO DEMO / SYNTHETIC RMS,0.002048,0.002141,0.004141,1.000,0.00000,0.00000,0,0,59.50,140.57,none
389.003,AUTO DEMO / SYNTHETIC RMS,0.002109,0.002141,0.004141,1.000,0.00000,0.00000,0,0,59.68,144.57,none
389.264,AUTO DEMO / SYNTHETIC RMS,0.001857,0.002141,0.004141,1.000,0.00000,0.00000,0,0,56.20,146.57,none
389.514,AUTO DEMO / SYNTHETIC RMS,0.002021,0.002141,0.004141,1.000,0.00000,0.00000,0,0,58.14,150.57,none
389.766,AUTO DEMO / SYNTHETIC RMS,0.002126,0.002141,0.004141,1.000,0.00000,0.00000,0,0,59.03,152.57,none
390.015,AUTO DEMO / SYNTHETIC RMS,0.015121,0.002141,0.004141,1.000,0.18299,0.05320,0,0,59.58,156.58,none
390.253,AUTO DEMO / SYNTHETIC RMS,0.016726,0.002141,0.004141,1.000,0.20974,0.18678,6,1,59.38,158.57,none
390.502,AUTO DEMO / SYNTHETIC RMS,0.018684,0.002141,0.004141,1.000,0.24239,0.23069,14,1,59.81,160.57,none
390.754,AUTO DEMO / SYNTHETIC RMS,0.018814,0.002141,0.004141,1.000,0.24455,0.24522,23,1,59.56,164.57,none
391.007,AUTO DEMO / SYNTHETIC RMS,0.017414,0.002141,0.004141,1.000,0.22121,0.24040,32,1,55.15,166.57,none
391.258,AUTO DEMO / SYNTHETIC RMS,0.015774,0.002141,0.004141,1.000,0.19388,0.22754,40,1,57.60,170.57,none
391.515,AUTO DEMO / SYNTHETIC RMS,0.014984,0.002141,0.004141,1.000,0.18071,0.21131,49,1,58.20,172.57,none
391.765,AUTO DEMO / SYNTHETIC RMS,0.016212,0.002141,0.004141,1.000,0.20119,0.20340,57,1,59.11,176.57,none
392.016,AUTO DEMO / SYNTHETIC RMS,0.018353,0.002141,0.004141,1.000,0.23687,0.22562,65,1,59.56,180.57,none
392.251,AUTO DEMO / SYNTHETIC RMS,0.018994,0.002141,0.004141,1.000,0.24754,0.24476,72,1,59.46,182.57,none
392.501,AUTO DEMO / SYNTHETIC RMS,0.017912,0.002141,0.004141,1.000,0.22951,0.24296,75,0,59.71,186.57,none
392.768,AUTO DEMO / SYNTHETIC RMS,0.016141,0.002141,0.004141,1.000,0.20000,0.23132,75,0,59.83,188.58,none
393.002,AUTO DEMO / SYNTHETIC RMS,0.015048,0.002141,0.004141,1.000,0.18179,0.21637,77,0,59.73,192.57,none
393.252,AUTO DEMO / SYNTHETIC RMS,0.015583,0.002141,0.004141,1.000,0.19069,0.20452,80,0,59.92,194.57,none
393.502,AUTO DEMO / SYNTHETIC RMS,0.017697,0.002141,0.004141,1.000,0.22593,0.21524,82,0,60.09,198.57,none
393.756,AUTO DEMO / SYNTHETIC RMS,0.019011,0.002141,0.004141,1.000,0.24784,0.24194,86,0,59.41,200.57,none
394.005,AUTO DEMO / SYNTHETIC RMS,0.066984,0.002141,0.004141,1.000,1.00000,0.35961,85,0,59.86,204.57,none
394.256,AUTO DEMO / SYNTHETIC RMS,0.070638,0.002141,0.004141,1.000,1.00000,0.94789,96,1,59.81,206.57,none
394.506,AUTO DEMO / SYNTHETIC RMS,0.077038,0.002141,0.004141,1.000,1.00000,0.99572,114,1,59.89,210.57,none
394.765,AUTO DEMO / SYNTHETIC RMS,0.082794,0.002141,0.004141,1.000,1.00000,0.99968,132,1,58.42,214.57,none
395.028,AUTO DEMO / SYNTHETIC RMS,0.084995,0.002141,0.004141,1.000,1.00000,0.99998,151,2,51.76,216.57,none
395.255,AUTO DEMO / SYNTHETIC RMS,0.082528,0.002141,0.004141,1.000,1.00000,1.00000,170,2,50.68,218.57,none
395.514,AUTO DEMO / SYNTHETIC RMS,0.075989,0.002141,0.004141,1.000,1.00000,1.00000,179,2,52.80,222.57,none
395.752,AUTO DEMO / SYNTHETIC RMS,0.070167,0.002141,0.004141,1.000,1.00000,1.00000,179,2,55.69,224.57,none
396.003,AUTO DEMO / SYNTHETIC RMS,0.067211,0.002141,0.004141,1.000,1.00000,1.00000,179,3,57.81,228.58,none
396.254,AUTO DEMO / SYNTHETIC RMS,0.068668,0.002141,0.004141,1.000,1.00000,1.00000,180,3,58.91,230.57,none
396.505,AUTO DEMO / SYNTHETIC RMS,0.074292,0.002141,0.004141,1.000,1.00000,1.00000,177,2,59.45,234.57,none
396.759,AUTO DEMO / SYNTHETIC RMS,0.081067,0.002141,0.004141,1.000,1.00000,1.00000,178,2,59.26,238.57,none
397.009,AUTO DEMO / SYNTHETIC RMS,0.084679,0.002141,0.004141,1.000,1.00000,1.00000,177,3,59.62,240.57,none
397.259,AUTO DEMO / SYNTHETIC RMS,0.083759,0.002141,0.004141,1.000,1.00000,1.00000,178,3,59.78,244.57,none
397.509,AUTO DEMO / SYNTHETIC RMS,0.078911,0.002141,0.004141,1.000,1.00000,1.00000,180,2,59.94,248.57,none
397.759,AUTO DEMO / SYNTHETIC RMS,0.072177,0.002141,0.004141,1.000,1.00000,1.00000,174,2,60.03,250.57,none
398.009,AUTO DEMO / SYNTHETIC RMS,0.067527,0.002141,0.004141,1.000,1.00000,1.00000,180,3,60.02,30.58,none
398.259,AUTO DEMO / SYNTHETIC RMS,0.067721,0.002141,0.004141,1.000,1.00000,1.00000,176,3,60.03,32.58,none
398.509,AUTO DEMO / SYNTHETIC RMS,0.072079,0.002141,0.004141,1.000,1.00000,1.00000,180,2,60.00,36.58,none
398.760,AUTO DEMO / SYNTHETIC RMS,0.078513,0.002141,0.004141,1.000,1.00000,1.00000,177,2,59.96,40.58,none
399.012,AUTO DEMO / SYNTHETIC RMS,0.083929,0.002141,0.004141,1.000,1.00000,1.00000,179,3,59.77,42.58,none
399.252,AUTO DEMO / SYNTHETIC RMS,0.084888,0.002141,0.004141,1.000,1.00000,1.00000,177,2,56.62,46.58,none
399.513,AUTO DEMO / SYNTHETIC RMS,0.080803,0.002141,0.004141,1.000,1.00000,1.00000,176,2,53.74,48.58,none
399.765,AUTO DEMO / SYNTHETIC RMS,0.074514,0.002141,0.004141,1.000,1.00000,1.00000,175,2,54.89,52.58,none
400.004,AUTO DEMO / SYNTHETIC RMS,0.002105,0.002141,0.004141,1.000,0.00000,0.96881,180,3,56.77,54.58,none
400.256,AUTO DEMO / SYNTHETIC RMS,0.001858,0.002141,0.004141,1.000,0.00000,0.61175,176,2,58.03,58.58,none
400.507,AUTO DEMO / SYNTHETIC RMS,0.002016,0.002141,0.004141,1.000,0.00000,0.38812,170,2,59.02,60.58,none
400.759,AUTO DEMO / SYNTHETIC RMS,0.002127,0.002141,0.004141,1.000,0.00000,0.24540,158,2,59.24,64.58,none
401.004,AUTO DEMO / SYNTHETIC RMS,0.001878,0.002141,0.004141,1.000,0.00000,0.15712,153,2,58.33,68.58,none
401.267,AUTO DEMO / SYNTHETIC RMS,0.001986,0.002141,0.004141,1.000,0.00000,0.09750,141,1,52.43,70.58,none
401.509,AUTO DEMO / SYNTHETIC RMS,0.002144,0.002141,0.004141,1.000,0.00000,0.06273,138,1,55.24,72.58,none
401.752,AUTO DEMO / SYNTHETIC RMS,0.001909,0.002141,0.004141,1.000,0.00000,0.04030,125,1,54.42,76.58,none
402.002,AUTO DEMO / SYNTHETIC RMS,0.001929,0.002141,0.004141,1.000,0.00000,0.02561,111,1,57.32,78.58,none
402.253,AUTO DEMO / SYNTHETIC RMS,0.002150,0.002141,0.004141,1.000,0.00000,0.01622,85,0,58.56,82.58,none
402.503,AUTO DEMO / SYNTHETIC RMS,0.001946,0.002141,0.004141,1.000,0.00000,0.01030,73,0,59.34,86.58,none
402.752,AUTO DEMO / SYNTHETIC RMS,0.001895,0.002141,0.004141,1.000,0.00000,0.00654,50,0,59.74,88.58,none
403.002,AUTO DEMO / SYNTHETIC RMS,0.002141,0.002141,0.004141,1.000,0.00000,0.00416,41,0,59.96,92.58,none
403.252,AUTO DEMO / SYNTHETIC RMS,0.001988,0.002141,0.004141,1.000,0.00000,0.00264,28,0,60.05,94.58,none
403.505,AUTO DEMO / SYNTHETIC RMS,0.001871,0.002141,0.004141,1.000,0.00000,0.00167,20,0,59.54,98.58,none
403.756,AUTO DEMO / SYNTHETIC RMS,0.002123,0.002141,0.004141,1.000,0.00000,0.00106,16,0,59.72,100.58,none
404.005,AUTO DEMO / SYNTHETIC RMS,0.002027,0.002141,0.004141,1.000,0.00000,0.00000,12,0,57.93,104.58,none
404.254,AUTO DEMO / SYNTHETIC RMS,0.001854,0.002141,0.004141,1.000,0.00000,0.00000,4,0,59.14,106.58,none
404.512,AUTO DEMO / SYNTHETIC RMS,0.002101,0.002141,0.004141,1.000,0.00000,0.00000,2,0,50.98,108.58,none
404.751,AUTO DEMO / SYNTHETIC RMS,0.002072,0.002141,0.004141,1.000,0.00000,0.00000,1,0,54.61,112.58,none
405.001,AUTO DEMO / SYNTHETIC RMS,0.001850,0.002141,0.004141,1.000,0.00000,0.00000,0,0,57.31,114.58,none
405.252,AUTO DEMO / SYNTHETIC RMS,0.002054,0.002141,0.004141,1.000,0.00000,0.00000,0,0,58.63,118.58,none
405.504,AUTO DEMO / SYNTHETIC RMS,0.002102,0.002141,0.004141,1.000,0.00000,0.00000,0,0,56.43,120.58,none
405.754,AUTO DEMO / SYNTHETIC RMS,0.001858,0.002141,0.004141,1.000,0.00000,0.00000,0,0,58.29,124.58,none
406.006,AUTO DEMO / SYNTHETIC RMS,0.002018,0.002141,0.004141,1.000,0.00000,0.00000,0,0,58.97,126.58,none
406.255,AUTO DEMO / SYNTHETIC RMS,0.002129,0.002141,0.004141,1.000,0.00000,0.00000,0,0,59.61,130.58,none
406.506,AUTO DEMO / SYNTHETIC RMS,0.001876,0.002141,0.004141,1.000,0.00000,0.00000,0,0,59.66,132.58,none
406.756,AUTO DEMO / SYNTHETIC RMS,0.001976,0.002141,0.004141,1.000,0.00000,0.00000,0,0,59.74,136.58,none
407.005,AUTO DEMO / SYNTHETIC RMS,0.002145,0.002141,0.004141,1.000,0.00000,0.00000,0,0,59.98,138.58,none
407.258,AUTO DEMO / SYNTHETIC RMS,0.001903,0.002141,0.004141,1.000,0.00000,0.00000,0,0,59.74,142.58,none
407.512,AUTO DEMO / SYNTHETIC RMS,0.001942,0.002141,0.004141,1.000,0.00000,0.00000,0,0,59.04,144.58,none
407.762,AUTO DEMO / SYNTHETIC RMS,0.002150,0.002141,0.004141,1.000,0.00000,0.00000,0,0,59.57,148.58,none
408.005,AUTO DEMO / SYNTHETIC RMS,0.002006,0.002141,0.004141,1.000,0.00000,0.00000,0,0,55.62,150.58,none
408.261,AUTO DEMO / SYNTHETIC RMS,0.002130,0.002141,0.004141,1.000,0.00000,0.00000,0,0,57.09,154.58,none
408.502,AUTO DEMO / SYNTHETIC RMS,0.001885,0.002141,0.004141,1.000,0.00000,0.00000,0,0,57.66,156.58,none
408.751,AUTO DEMO / SYNTHETIC RMS,0.001960,0.002141,0.004141,1.000,0.00000,0.00000,0,0,58.94,158.58,none
409.001,AUTO DEMO / SYNTHETIC RMS,0.002148,0.002141,0.004141,1.000,0.00000,0.00000,0,0,59.57,162.58,none
409.252,AUTO DEMO / SYNTHETIC RMS,0.001916,0.002141,0.004141,1.000,0.00000,0.00000,0,0,59.68,166.58,none
409.502,AUTO DEMO / SYNTHETIC RMS,0.001922,0.002141,0.004141,1.000,0.00000,0.00000,0,0,59.92,168.58,none
409.753,AUTO DEMO / SYNTHETIC RMS,0.002149,0.002141,0.004141,1.000,0.00000,0.00000,0,0,59.86,172.58,none
410.003,AUTO DEMO / SYNTHETIC RMS,0.001954,0.002141,0.004141,1.000,0.00000,0.00000,0,0,59.95,174.58,none
410.253,AUTO DEMO / SYNTHETIC RMS,0.001890,0.002141,0.004141,1.000,0.00000,0.00000,0,0,59.95,178.58,none
410.503,AUTO DEMO / SYNTHETIC RMS,0.002138,0.002141,0.004141,1.000,0.00000,0.00000,0,0,60.00,180.58,none
410.754,AUTO DEMO / SYNTHETIC RMS,0.001994,0.002141,0.004141,1.000,0.00000,0.00000,0,0,59.83,184.58,none
411.003,AUTO DEMO / SYNTHETIC RMS,0.001866,0.002144,0.004144,1.000,0.00000,0.00000,0,0,59.91,186.58,none
411.253,AUTO DEMO / SYNTHETIC RMS,0.002117,0.002144,0.004144,1.000,0.00000,0.00000,0,0,60.01,190.58,none
411.503,AUTO DEMO / SYNTHETIC RMS,0.002037,0.002144,0.004144,1.000,0.00000,0.00000,0,0,59.98,192.58,none
411.753,AUTO DEMO / SYNTHETIC RMS,0.001853,0.002144,0.004144,1.000,0.00000,0.00000,0,0,59.89,196.58,none
412.003,AUTO DEMO / SYNTHETIC RMS,0.002086,0.002144,0.004144,1.000,0.00000,0.00000,0,0,59.99,198.58,none
412.252,AUTO DEMO / SYNTHETIC RMS,0.002077,0.002144,0.004144,1.000,0.00000,0.00000,0,0,60.13,202.58,none
412.515,AUTO DEMO / SYNTHETIC RMS,0.001850,0.002144,0.004144,1.000,0.00000,0.00000,0,0,57.46,204.58,none
412.766,AUTO DEMO / SYNTHETIC RMS,0.002062,0.002144,0.004144,1.000,0.00000,0.00000,0,0,58.77,208.58,none
413.005,AUTO DEMO / SYNTHETIC RMS,0.002107,0.002144,0.004144,1.000,0.00000,0.00000,0,0,58.75,210.58,none
413.255,AUTO DEMO / SYNTHETIC RMS,0.001860,0.002144,0.004144,1.000,0.00000,0.00000,0,0,59.54,214.58,none
413.505,AUTO DEMO / SYNTHETIC RMS,0.002009,0.002144,0.004144,1.000,0.00000,0.00000,0,0,59.77,216.58,none
413.756,AUTO DEMO / SYNTHETIC RMS,0.002132,0.002144,0.004144,1.000,0.00000,0.00000,0,0,59.78,220.58,none
414.004,AUTO DEMO / SYNTHETIC RMS,0.015086,0.002144,0.004144,1.000,0.18238,0.02744,0,0,60.08,222.58,none
414.257,AUTO DEMO / SYNTHETIC RMS,0.016759,0.002144,0.004144,1.000,0.21025,0.18681,6,1,59.79,226.58,none
414.509,AUTO DEMO / SYNTHETIC RMS,0.018718,0.002144,0.004144,1.000,0.24290,0.23145,14,1,59.67,228.58,none
414.759,AUTO DEMO / SYNTHETIC RMS,0.018797,0.002144,0.004144,1.000,0.24423,0.24515,23,1,59.84,232.58,none
415.008,AUTO DEMO / SYNTHETIC RMS,0.017407,0.002144,0.004144,1.000,0.22105,0.24037,32,1,60.05,234.58,none
415.264,AUTO DEMO / SYNTHETIC RMS,0.015742,0.002144,0.004144,1.000,0.19330,0.22716,40,1,59.42,238.58,none
415.514,AUTO DEMO / SYNTHETIC RMS,0.014983,0.002144,0.004144,1.000,0.18065,0.21137,49,1,59.72,240.58,none
415.763,AUTO DEMO / SYNTHETIC RMS,0.016192,0.002144,0.004144,1.000,0.20081,0.20337,56,1,59.97,244.58,none
416.013,AUTO DEMO / SYNTHETIC RMS,0.018335,0.002144,0.004144,1.000,0.23652,0.22525,65,1,60.01,246.58,none
416.264,AUTO DEMO / SYNTHETIC RMS,0.018974,0.002144,0.004144,1.000,0.24718,0.24499,71,1,59.95,250.58,none
416.514,AUTO DEMO / SYNTHETIC RMS,0.017835,0.002144,0.004144,1.000,0.22819,0.24259,79,0,59.96,30.57,none
416.764,AUTO DEMO / SYNTHETIC RMS,0.016166,0.002144,0.004144,1.000,0.20037,0.23150,82,0,59.96,32.57,none
417.015,AUTO DEMO / SYNTHETIC RMS,0.015025,0.002144,0.004144,1.000,0.18136,0.21557,81,0,59.95,36.57,none
417.267,AUTO DEMO / SYNTHETIC RMS,0.015675,0.002144,0.004144,1.000,0.19219,0.20417,82,0,59.78,38.57,none
417.508,AUTO DEMO / SYNTHETIC RMS,0.017751,0.002144,0.004144,1.000,0.22679,0.21602,84,0,58.67,42.57,none
417.759,AUTO DEMO / SYNTHETIC RMS,0.019013,0.002144,0.004144,1.000,0.24783,0.24204,82,0,59.25,44.57,none
418.008,AUTO DEMO / SYNTHETIC RMS,0.066996,0.002144,0.004144,1.000,1.00000,0.36278,84,0,59.75,48.57,none
418.265,AUTO DEMO / SYNTHETIC RMS,0.070824,0.002144,0.004144,1.000,1.00000,0.95096,98,1,59.27,50.57,none
418.516,AUTO DEMO / SYNTHETIC RMS,0.077272,0.002144,0.004144,1.000,1.00000,0.99601,120,1,59.57,54.57,none
418.763,AUTO DEMO / SYNTHETIC RMS,0.082747,0.002144,0.004144,1.000,1.00000,0.99966,136,1,58.53,56.57,none
419.012,AUTO DEMO / SYNTHETIC RMS,0.085009,0.002144,0.004144,1.000,1.00000,0.99997,155,2,59.41,60.57,none
419.263,AUTO DEMO / SYNTHETIC RMS,0.082387,0.002144,0.004144,1.000,1.00000,1.00000,174,2,59.63,64.57,none
419.512,AUTO DEMO / SYNTHETIC RMS,0.076066,0.002144,0.004144,1.000,1.00000,1.00000,180,2,59.90,66.57,none
419.762,AUTO DEMO / SYNTHETIC RMS,0.069981,0.002144,0.004144,1.000,1.00000,1.00000,178,2,59.95,70.57,none
420.012,AUTO DEMO / SYNTHETIC RMS,0.067181,0.002144,0.004144,1.000,1.00000,1.00000,180,3,59.96,74.57,none
420.263,AUTO DEMO / SYNTHETIC RMS,0.068794,0.002144,0.004144,1.000,1.00000,1.00000,177,3,59.87,76.57,none
420.528,AUTO DEMO / SYNTHETIC RMS,0.074934,0.002144,0.004144,1.000,1.00000,1.00000,176,2,57.24,80.58,none
420.766,AUTO DEMO / SYNTHETIC RMS,0.081220,0.002144,0.004144,1.000,1.00000,1.00000,178,2,58.24,82.57,none
421.045,AUTO DEMO / SYNTHETIC RMS,0.084824,0.002144,0.004144,1.000,1.00000,1.00000,173,3,41.41,84.57,none
421.265,AUTO DEMO / SYNTHETIC RMS,0.083687,0.002144,0.004144,1.000,1.00000,1.00000,174,3,48.52,88.57,none
421.500,AUTO DEMO / SYNTHETIC RMS,0.079138,0.002144,0.004144,1.000,1.00000,1.00000,179,2,53.60,90.57,none
421.751,AUTO DEMO / SYNTHETIC RMS,0.072384,0.002144,0.004144,1.000,1.00000,1.00000,178,2,54.62,94.57,none
422.006,AUTO DEMO / SYNTHETIC RMS,0.067557,0.002144,0.004144,1.000,1.00000,1.00000,179,3,57.00,96.57,none
422.261,AUTO DEMO / SYNTHETIC RMS,0.067744,0.002144,0.004144,1.000,1.00000,1.00000,178,2,58.12,100.57,none
422.515,AUTO DEMO / SYNTHETIC RMS,0.072208,0.002144,0.004144,1.000,1.00000,1.00000,179,2,58.73,104.57,none
422.759,AUTO DEMO / SYNTHETIC RMS,0.078473,0.002144,0.004144,1.000,1.00000,1.00000,180,2,52.84,106.57,none
423.016,AUTO DEMO / SYNTHETIC RMS,0.083971,0.002144,0.004144,1.000,1.00000,1.00000,178,3,54.42,108.57,none
423.265,AUTO DEMO / SYNTHETIC RMS,0.084797,0.002144,0.004144,1.000,1.00000,1.00000,179,2,57.35,112.57,none
423.503,AUTO DEMO / SYNTHETIC RMS,0.081054,0.002144,0.004144,1.000,1.00000,1.00000,177,2,58.17,116.57,none
423.753,AUTO DEMO / SYNTHETIC RMS,0.074832,0.002144,0.004144,1.000,1.00000,1.00000,175,2,59.01,118.57,none
424.004,AUTO DEMO / SYNTHETIC RMS,0.002105,0.002144,0.004144,1.000,0.00000,0.97043,179,3,59.44,122.57,none
424.259,AUTO DEMO / SYNTHETIC RMS,0.001857,0.002144,0.004144,1.000,0.00000,0.61045,177,2,59.00,124.57,none
424.509,AUTO DEMO / SYNTHETIC RMS,0.002019,0.002144,0.004144,1.000,0.00000,0.38720,173,2,59.47,128.57,none
424.762,AUTO DEMO / SYNTHETIC RMS,0.002126,0.002144,0.004144,1.000,0.00000,0.24449,164,2,59.21,132.57,none
425.014,AUTO DEMO / SYNTHETIC RMS,0.001872,0.002144,0.004144,1.000,0.00000,0.15459,152,2,59.37,134.57,none
425.265,AUTO DEMO / SYNTHETIC RMS,0.001983,0.002144,0.004144,1.000,0.00000,0.09800,140,1,59.60,138.57,none
425.516,AUTO DEMO / SYNTHETIC RMS,0.002142,0.002144,0.004144,1.000,0.00000,0.06211,130,1,59.70,140.57,none
425.764,AUTO DEMO / SYNTHETIC RMS,0.001899,0.002144,0.004144,1.000,0.00000,0.03952,122,1,60.12,144.57,none
426.001,AUTO DEMO / SYNTHETIC RMS,0.001927,0.002144,0.004144,1.000,0.00000,0.02572,108,1,59.69,148.57,none
426.251,AUTO DEMO / SYNTHETIC RMS,0.002150,0.002144,0.004144,1.000,0.00000,0.01630,88,0,56.00,150.57,none
426.505,AUTO DEMO / SYNTHETIC RMS,0.001943,0.002144,0.004144,1.000,0.00000,0.01027,71,0,57.36,152.57,none
426.755,AUTO DEMO / SYNTHETIC RMS,0.001897,0.002144,0.004144,1.000,0.00000,0.00652,55,0,56.75,156.57,none
427.011,AUTO DEMO / SYNTHETIC RMS,0.002144,0.002144,0.004144,1.000,0.00000,0.00410,35,0,57.68,158.57,none
427.262,AUTO DEMO / SYNTHETIC RMS,0.001976,0.002144,0.004144,1.000,0.00000,0.00259,26,0,58.76,162.57,none
427.515,AUTO DEMO / SYNTHETIC RMS,0.001877,0.002144,0.004144,1.000,0.00000,0.00164,17,0,57.10,164.57,none
427.766,AUTO DEMO / SYNTHETIC RMS,0.002130,0.002144,0.004144,1.000,0.00000,0.00104,15,0,58.58,168.57,none
428.015,AUTO DEMO / SYNTHETIC RMS,0.002015,0.002144,0.004144,1.000,0.00000,0.00000,8,0,59.41,170.57,none
428.265,AUTO DEMO / SYNTHETIC RMS,0.001858,0.002144,0.004144,1.000,0.00000,0.00000,2,0,59.73,174.57,none
428.516,AUTO DEMO / SYNTHETIC RMS,0.002104,0.002144,0.004144,1.000,0.00000,0.00000,0,0,59.74,176.57,none
428.751,AUTO DEMO / SYNTHETIC RMS,0.002072,0.002144,0.004144,1.000,0.00000,0.00000,0,0,57.41,180.57,none
429.005,AUTO DEMO / SYNTHETIC RMS,0.001850,0.002144,0.004144,1.000,0.00000,0.00000,0,0,58.46,182.57,none
429.256,AUTO DEMO / SYNTHETIC RMS,0.002058,0.002144,0.004144,1.000,0.00000,0.00000,0,0,59.13,186.57,none
429.512,AUTO DEMO / SYNTHETIC RMS,0.002096,0.002144,0.004144,1.000,0.00000,0.00000,0,0,58.89,188.57,none
429.763,AUTO DEMO / SYNTHETIC RMS,0.001855,0.002144,0.004144,1.000,0.00000,0.00000,0,0,59.33,192.57,none
430.014,AUTO DEMO / SYNTHETIC RMS,0.002027,0.002144,0.004144,1.000,0.00000,0.00000,0,0,59.58,194.57,none
430.263,AUTO DEMO / SYNTHETIC RMS,0.002123,0.002144,0.004144,1.000,0.00000,0.00000,0,0,59.84,198.57,none
430.514,AUTO DEMO / SYNTHETIC RMS,0.001871,0.002144,0.004144,1.000,0.00000,0.00000,0,0,59.78,200.57,none
430.762,AUTO DEMO / SYNTHETIC RMS,0.001983,0.002144,0.004144,1.000,0.00000,0.00000,0,0,60.16,204.57,none
431.014,AUTO DEMO / SYNTHETIC RMS,0.002142,0.002144,0.004144,1.000,0.00000,0.00000,0,0,59.87,206.57,none
431.263,AUTO DEMO / SYNTHETIC RMS,0.001898,0.002144,0.004144,1.000,0.00000,0.00000,0,0,60.03,210.57,none
431.513,AUTO DEMO / SYNTHETIC RMS,0.001943,0.002144,0.004144,1.000,0.00000,0.00000,0,0,60.05,212.57,none
431.767,AUTO DEMO / SYNTHETIC RMS,0.002150,0.002144,0.004144,1.000,0.00000,0.00000,0,0,59.46,216.57,none
432.000,AUTO DEMO / SYNTHETIC RMS,0.002000,0.002144,0.004144,1.000,0.00000,0.00000,0,0,59.69,218.57,none
432.265,AUTO DEMO / SYNTHETIC RMS,0.002128,0.002144,0.004144,1.000,0.00000,0.00000,0,0,55.26,222.57,none
432.514,AUTO DEMO / SYNTHETIC RMS,0.001876,0.002144,0.004144,1.000,0.00000,0.00000,0,0,56.06,224.57,none
432.766,AUTO DEMO / SYNTHETIC RMS,0.001977,0.002144,0.004144,1.000,0.00000,0.00000,0,0,51.55,226.57,none
433.013,AUTO DEMO / SYNTHETIC RMS,0.002145,0.002144,0.004144,1.000,0.00000,0.00000,0,0,54.26,230.57,none
433.251,AUTO DEMO / SYNTHETIC RMS,0.001918,0.002144,0.004144,1.000,0.00000,0.00000,0,0,53.96,232.57,none
433.502,AUTO DEMO / SYNTHETIC RMS,0.001921,0.002144,0.004144,1.000,0.00000,0.00000,0,0,56.93,236.57,none
433.752,AUTO DEMO / SYNTHETIC RMS,0.002149,0.002144,0.004144,1.000,0.00000,0.00000,0,0,58.61,238.57,none
434.002,AUTO DEMO / SYNTHETIC RMS,0.001955,0.002144,0.004144,1.000,0.00000,0.00000,0,0,59.36,242.57,none
434.252,AUTO DEMO / SYNTHETIC RMS,0.001889,0.002144,0.004144,1.000,0.00000,0.00000,0,0,59.67,244.57,none
434.502,AUTO DEMO / SYNTHETIC RMS,0.002138,0.002144,0.004144,1.000,0.00000,0.00000,0,0,59.88,248.57,none
434.752,AUTO DEMO / SYNTHETIC RMS,0.001996,0.002144,0.004144,1.000,0.00000,0.00000,0,0,59.88,250.57,none
435.003,AUTO DEMO / SYNTHETIC RMS,0.001866,0.002140,0.004140,1.000,0.00000,0.00000,0,0,59.82,30.58,none
435.253,AUTO DEMO / SYNTHETIC RMS,0.002117,0.002140,0.004140,1.000,0.00000,0.00000,0,0,59.86,32.58,none
435.503,AUTO DEMO / SYNTHETIC RMS,0.002038,0.002140,0.004140,1.000,0.00000,0.00000,0,0,59.97,36.58,none
435.753,AUTO DEMO / SYNTHETIC RMS,0.001852,0.002140,0.004140,1.000,0.00000,0.00000,0,0,59.89,38.58,none
436.003,AUTO DEMO / SYNTHETIC RMS,0.002086,0.002140,0.004140,1.000,0.00000,0.00000,0,0,59.93,42.58,none
436.253,AUTO DEMO / SYNTHETIC RMS,0.002076,0.002140,0.004140,1.000,0.00000,0.00000,0,0,59.95,44.58,none
436.503,AUTO DEMO / SYNTHETIC RMS,0.001851,0.002140,0.004140,1.000,0.00000,0.00000,0,0,60.03,48.58,none
436.752,AUTO DEMO / SYNTHETIC RMS,0.002047,0.002140,0.004140,1.000,0.00000,0.00000,0,0,60.19,50.58,none
437.014,AUTO DEMO / SYNTHETIC RMS,0.002100,0.002140,0.004140,1.000,0.00000,0.00000,0,0,58.21,54.58,none
437.265,AUTO DEMO / SYNTHETIC RMS,0.001856,0.002140,0.004140,1.000,0.00000,0.00000,0,0,57.05,56.59,none
437.500,AUTO DEMO / SYNTHETIC RMS,0.002003,0.002140,0.004140,1.000,0.00000,0.00000,0,0,58.38,60.58,none
437.753,AUTO DEMO / SYNTHETIC RMS,0.002134,0.002140,0.004140,1.000,0.00000,0.00000,0,0,57.37,62.58,none
438.017,AUTO DEMO / SYNTHETIC RMS,0.015122,0.002140,0.004140,1.000,0.18303,0.03698,0,0,56.67,66.58,none
438.252,AUTO DEMO / SYNTHETIC RMS,0.016715,0.002140,0.004140,1.000,0.20958,0.18492,6,1,58.05,68.58,none
438.515,AUTO DEMO / SYNTHETIC RMS,0.018744,0.002140,0.004140,1.000,0.24340,0.23218,14,1,57.58,72.58,none
438.753,AUTO DEMO / SYNTHETIC RMS,0.018821,0.002140,0.004140,1.000,0.24469,0.24524,23,1,58.33,74.58,none
439.002,AUTO DEMO / SYNTHETIC RMS,0.017456,0.002140,0.004140,1.000,0.22193,0.24070,31,1,59.33,78.58,none
439.260,AUTO DEMO / SYNTHETIC RMS,0.015768,0.002140,0.004140,1.000,0.19380,0.22746,40,1,56.59,80.58,none
439.510,AUTO DEMO / SYNTHETIC RMS,0.014981,0.002140,0.004140,1.000,0.18068,0.21164,48,1,58.30,84.58,none
439.758,AUTO DEMO / SYNTHETIC RMS,0.016146,0.002140,0.004140,1.000,0.20010,0.20343,56,1,59.43,86.58,none
440.008,AUTO DEMO / SYNTHETIC RMS,0.018297,0.002140,0.004140,1.000,0.23595,0.22463,64,1,59.83,90.58,none
440.260,AUTO DEMO / SYNTHETIC RMS,0.018981,0.002140,0.004140,1.000,0.24735,0.24497,73,1,59.63,92.58,none
440.505,AUTO DEMO / SYNTHETIC RMS,0.017891,0.002140,0.004140,1.000,0.22919,0.24232,79,0,45.82,94.58,none
440.764,AUTO DEMO / SYNTHETIC RMS,0.016170,0.002140,0.004140,1.000,0.20051,0.23123,81,0,51.55,96.58,none
441.004,AUTO DEMO / SYNTHETIC RMS,0.015048,0.002140,0.004140,1.000,0.18179,0.21612,83,0,54.94,100.58,none
441.253,AUTO DEMO / SYNTHETIC RMS,0.015583,0.002140,0.004140,1.000,0.19072,0.20438,85,0,57.64,104.58,none
441.504,AUTO DEMO / SYNTHETIC RMS,0.017712,0.002140,0.004140,1.000,0.22620,0.21545,82,0,58.79,106.58,none
441.763,AUTO DEMO / SYNTHETIC RMS,0.019015,0.002140,0.004140,1.000,0.24793,0.24228,82,0,58.25,110.58,none
442.013,AUTO DEMO / SYNTHETIC RMS,0.067017,0.002140,0.004140,1.000,1.00000,0.36081,83,0,59.13,112.58,none
442.263,AUTO DEMO / SYNTHETIC RMS,0.070777,0.002140,0.004140,1.000,1.00000,0.94761,97,1,59.54,116.58,none
442.528,AUTO DEMO / SYNTHETIC RMS,0.077570,0.002140,0.004140,1.000,1.00000,0.99628,117,1,55.15,118.58,none
442.752,AUTO DEMO / SYNTHETIC RMS,0.082550,0.002140,0.004140,1.000,1.00000,0.99960,135,1,54.54,122.58,none
443.002,AUTO DEMO / SYNTHETIC RMS,0.085006,0.002140,0.004140,1.000,1.00000,0.99997,150,1,57.29,124.58,none
443.254,AUTO DEMO / SYNTHETIC RMS,0.082568,0.002140,0.004140,1.000,1.00000,1.00000,166,2,58.48,128.58,none
443.514,AUTO DEMO / SYNTHETIC RMS,0.076023,0.002140,0.004140,1.000,1.00000,1.00000,180,2,58.32,130.58,none
443.750,AUTO DEMO / SYNTHETIC RMS,0.070222,0.002140,0.004140,1.000,1.00000,1.00000,180,2,58.78,134.58,none
444.000,AUTO DEMO / SYNTHETIC RMS,0.067222,0.002140,0.004140,1.000,1.00000,1.00000,178,3,59.43,138.58,none
444.262,AUTO DEMO / SYNTHETIC RMS,0.068771,0.002140,0.004140,1.000,1.00000,1.00000,179,3,58.34,140.58,none
444.501,AUTO DEMO / SYNTHETIC RMS,0.074160,0.002140,0.004140,1.000,1.00000,1.00000,179,2,55.88,144.58,none
444.756,AUTO DEMO / SYNTHETIC RMS,0.080992,0.002140,0.004140,1.000,1.00000,1.00000,175,2,53.12,146.58,none
445.005,AUTO DEMO / SYNTHETIC RMS,0.084652,0.002140,0.004140,1.000,1.00000,1.00000,175,3,51.11,148.58,none
445.261,AUTO DEMO / SYNTHETIC RMS,0.083743,0.002140,0.004140,1.000,1.00000,1.00000,174,3,53.20,152.58,none
445.516,AUTO DEMO / SYNTHETIC RMS,0.078747,0.002140,0.004140,1.000,1.00000,1.00000,174,2,56.09,154.58,none
445.767,AUTO DEMO / SYNTHETIC RMS,0.071996,0.002140,0.004140,1.000,1.00000,1.00000,179,2,58.09,158.58,none
446.001,AUTO DEMO / SYNTHETIC RMS,0.067616,0.002140,0.004140,1.000,1.00000,1.00000,180,3,58.98,162.58,none
446.252,AUTO DEMO / SYNTHETIC RMS,0.067643,0.002140,0.004140,1.000,1.00000,1.00000,178,3,59.34,164.58,none
446.503,AUTO DEMO / SYNTHETIC RMS,0.071928,0.002140,0.004140,1.000,1.00000,1.00000,179,2,57.06,168.58,none
446.763,AUTO DEMO / SYNTHETIC RMS,0.078574,0.002140,0.004140,1.000,1.00000,1.00000,179,2,51.70,170.58,none
447.002,AUTO DEMO / SYNTHETIC RMS,0.083768,0.002140,0.004140,1.000,1.00000,1.00000,179,3,53.57,172.58,none
447.253,AUTO DEMO / SYNTHETIC RMS,0.084884,0.002140,0.004140,1.000,1.00000,1.00000,178,2,56.70,176.58,none
447.503,AUTO DEMO / SYNTHETIC RMS,0.081048,0.002140,0.004140,1.000,1.00000,1.00000,178,2,58.43,180.58,none
447.763,AUTO DEMO / SYNTHETIC RMS,0.074590,0.002140,0.004140,1.000,1.00000,1.00000,176,2,54.56,182.58,none
448.017,AUTO DEMO / SYNTHETIC RMS,0.002093,0.002140,0.004140,1.000,0.00000,0.96820,178,3,56.94,186.58,none
448.259,AUTO DEMO / SYNTHETIC RMS,0.001857,0.002140,0.004140,1.000,0.00000,0.62361,175,2,57.01,188.58,none
448.510,AUTO DEMO / SYNTHETIC RMS,0.002020,0.002140,0.004140,1.000,0.00000,0.39507,173,2,58.54,192.58,none
448.753,AUTO DEMO / SYNTHETIC RMS,0.002132,0.002140,0.004140,1.000,0.00000,0.25432,165,2,58.43,194.58,none
449.005,AUTO DEMO / SYNTHETIC RMS,0.001878,0.002140,0.004140,1.000,0.00000,0.16076,161,2,59.02,198.58,none
449.259,AUTO DEMO / SYNTHETIC RMS,0.001977,0.002140,0.004140,1.000,0.00000,0.10117,150,1,58.86,202.58,none
449.510,AUTO DEMO / SYNTHETIC RMS,0.002144,0.002140,0.004140,1.000,0.00000,0.06421,141,1,59.47,204.58,none
449.759,AUTO DEMO / SYNTHETIC RMS,0.001903,0.002140,0.004140,1.000,0.00000,0.04077,122,1,59.80,208.58,none
450.009,AUTO DEMO / SYNTHETIC RMS,0.001936,0.002140,0.004140,1.000,0.00000,0.02587,108,1,59.88,210.58,none
450.260,AUTO DEMO / SYNTHETIC RMS,0.002150,0.002140,0.004140,1.000,0.00000,0.01640,90,0,59.82,214.58,none
450.510,AUTO DEMO / SYNTHETIC RMS,0.001938,0.002140,0.004140,1.000,0.00000,0.01041,73,0,59.83,218.58,none
450.760,AUTO DEMO / SYNTHETIC RMS,0.001901,0.002140,0.004140,1.000,0.00000,0.00661,59,0,59.92,220.58,none
451.010,AUTO DEMO / SYNTHETIC RMS,0.002144,0.002140,0.004140,1.000,0.00000,0.00419,40,0,59.87,224.58,none
451.260,AUTO DEMO / SYNTHETIC RMS,0.001980,0.002140,0.004140,1.000,0.00000,0.00266,28,0,59.97,226.58,none
451.509,AUTO DEMO / SYNTHETIC RMS,0.001873,0.002140,0.004140,1.000,0.00000,0.00169,23,0,60.03,230.58,none
451.760,AUTO DEMO / SYNTHETIC RMS,0.002126,0.002140,0.004140,1.000,0.00000,0.00107,13,0,60.01,232.58,none
452.010,AUTO DEMO / SYNTHETIC RMS,0.002022,0.002140,0.004140,1.000,0.00000,0.00000,9,0,59.97,236.58,none
452.260,AUTO DEMO / SYNTHETIC RMS,0.001856,0.002140,0.004140,1.000,0.00000,0.00000,7,0,59.87,238.58,none
452.510,AUTO DEMO / SYNTHETIC RMS,0.002098,0.002140,0.004140,1.000,0.00000,0.00000,5,0,59.93,242.58,none
452.761,AUTO DEMO / SYNTHETIC RMS,0.002061,0.002140,0.004140,1.000,0.00000,0.00000,0,0,59.82,244.58,none
453.012,AUTO DEMO / SYNTHETIC RMS,0.001850,0.002140,0.004140,1.000,0.00000,0.00000,0,0,59.67,248.58,none
453.261,AUTO DEMO / SYNTHETIC RMS,0.002063,0.002140,0.004140,1.000,0.00000,0.00000,0,0,59.95,250.58,none
453.511,AUTO DEMO / SYNTHETIC RMS,0.002097,0.002140,0.004140,1.000,0.00000,0.00000,0,0,59.98,30.58,none
453.766,AUTO DEMO / SYNTHETIC RMS,0.001854,0.002140,0.004140,1.000,0.00000,0.00000,0,0,57.50,32.58,none
454.016,AUTO DEMO / SYNTHETIC RMS,0.002029,0.002140,0.004140,1.000,0.00000,0.00000,0,0,58.83,36.58,none
454.266,AUTO DEMO / SYNTHETIC RMS,0.002122,0.002140,0.004140,1.000,0.00000,0.00000,0,0,59.45,38.58,none
454.531,AUTO DEMO / SYNTHETIC RMS,0.001862,0.002140,0.004140,1.000,0.00000,0.00000,0,0,54.50,42.58,none
454.753,AUTO DEMO / SYNTHETIC RMS,0.001971,0.002140,0.004140,1.000,0.00000,0.00000,0,0,56.61,44.58,none
455.005,AUTO DEMO / SYNTHETIC RMS,0.002145,0.002140,0.004140,1.000,0.00000,0.00000,0,0,58.06,46.58,none
455.254,AUTO DEMO / SYNTHETIC RMS,0.001907,0.002140,0.004140,1.000,0.00000,0.00000,0,0,59.20,50.58,none
455.509,AUTO DEMO / SYNTHETIC RMS,0.001938,0.002140,0.004140,1.000,0.00000,0.00000,0,0,58.75,54.58,none
455.760,AUTO DEMO / SYNTHETIC RMS,0.002150,0.002140,0.004140,1.000,0.00000,0.00000,0,0,59.29,56.58,none
456.010,AUTO DEMO / SYNTHETIC RMS,0.002011,0.002140,0.004140,1.000,0.00000,0.00000,0,0,59.71,60.58,none
456.260,AUTO DEMO / SYNTHETIC RMS,0.002132,0.002140,0.004140,1.000,0.00000,0.00000,0,0,59.93,62.58,none
456.512,AUTO DEMO / SYNTHETIC RMS,0.001878,0.002140,0.004140,1.000,0.00000,0.00000,0,0,59.83,66.58,none
456.765,AUTO DEMO / SYNTHETIC RMS,0.001975,0.002140,0.004140,1.000,0.00000,0.00000,0,0,59.50,68.58,none
457.014,AUTO DEMO / SYNTHETIC RMS,0.002145,0.002140,0.004140,1.000,0.00000,0.00000,0,0,60.00,72.58,none
457.275,AUTO DEMO / SYNTHETIC RMS,0.001896,0.002140,0.004140,1.000,0.00000,0.00000,0,0,55.57,74.58,none
457.516,AUTO DEMO / SYNTHETIC RMS,0.001935,0.002140,0.004140,1.000,0.00000,0.00000,0,0,57.06,78.58,none
457.766,AUTO DEMO / SYNTHETIC RMS,0.002150,0.002140,0.004140,1.000,0.00000,0.00000,0,0,58.43,80.58,none
458.016,AUTO DEMO / SYNTHETIC RMS,0.001940,0.002140,0.004140,1.000,0.00000,0.00000,0,0,59.32,84.58,none
458.266,AUTO DEMO / SYNTHETIC RMS,0.001900,0.002140,0.004140,1.000,0.00000,0.00000,0,0,59.68,86.58,none
458.515,AUTO DEMO / SYNTHETIC RMS,0.002143,0.002140,0.004140,1.000,0.00000,0.00000,0,0,59.91,90.58,none
458.765,AUTO DEMO / SYNTHETIC RMS,0.001981,0.002140,0.004140,1.000,0.00000,0.00000,0,0,59.96,92.58,none
459.011,AUTO DEMO / SYNTHETIC RMS,0.001870,0.002144,0.004144,1.000,0.00000,0.00000,0,0,58.37,96.58,none
459.261,AUTO DEMO / SYNTHETIC RMS,0.002122,0.002144,0.004144,1.000,0.00000,0.00000,0,0,59.23,98.58,none
459.509,AUTO DEMO / SYNTHETIC RMS,0.002030,0.002144,0.004144,1.000,0.00000,0.00000,0,0,59.86,102.58,none
459.763,AUTO DEMO / SYNTHETIC RMS,0.001855,0.002144,0.004144,1.000,0.00000,0.00000,0,0,59.46,104.58,none
460.003,AUTO DEMO / SYNTHETIC RMS,0.002085,0.002144,0.004144,1.000,0.00000,0.00000,0,0,58.75,108.58,none
460.252,AUTO DEMO / SYNTHETIC RMS,0.002077,0.002144,0.004144,1.000,0.00000,0.00000,0,0,59.43,110.58,none
460.502,AUTO DEMO / SYNTHETIC RMS,0.001851,0.002144,0.004144,1.000,0.00000,0.00000,0,0,59.82,114.58,none
460.753,AUTO DEMO / SYNTHETIC RMS,0.002047,0.002144,0.004144,1.000,0.00000,0.00000,0,0,59.77,116.58,none
461.053,AUTO DEMO / SYNTHETIC RMS,0.002061,0.002144,0.004144,1.000,0.00000,0.00000,0,0,39.24,118.58,none
461.260,AUTO DEMO / SYNTHETIC RMS,0.001858,0.002144,0.004144,1.000,0.00000,0.00000,0,0,44.55,120.58,none
461.511,AUTO DEMO / SYNTHETIC RMS,0.002015,0.002144,0.004144,1.000,0.00000,0.00000,0,0,51.62,124.58,none
461.763,AUTO DEMO / SYNTHETIC RMS,0.002128,0.002144,0.004144,1.000,0.00000,0.00000,0,0,55.59,126.58,none
462.008,AUTO DEMO / SYNTHETIC RMS,0.015095,0.002144,0.004144,1.000,0.18252,0.03057,0,0,51.44,130.58,none
462.259,AUTO DEMO / SYNTHETIC RMS,0.016773,0.002144,0.004144,1.000,0.21049,0.18707,6,1,55.61,132.58,none
462.509,AUTO DEMO / SYNTHETIC RMS,0.018713,0.002144,0.004144,1.000,0.24282,0.23129,14,1,57.93,136.58,none
462.758,AUTO DEMO / SYNTHETIC RMS,0.018802,0.002144,0.004144,1.000,0.24430,0.24516,23,1,59.08,138.58,none
463.009,AUTO DEMO / SYNTHETIC RMS,0.017406,0.002144,0.004144,1.000,0.22105,0.24037,32,1,59.47,142.58,none
463.259,AUTO DEMO / SYNTHETIC RMS,0.015771,0.002144,0.004144,1.000,0.19380,0.22750,40,1,59.69,144.58,none
463.511,AUTO DEMO / SYNTHETIC RMS,0.014981,0.002144,0.004144,1.000,0.18063,0.21157,48,1,59.62,148.58,none
463.766,AUTO DEMO / SYNTHETIC RMS,0.016208,0.002144,0.004144,1.000,0.20108,0.20344,57,1,56.67,150.58,none
464.005,AUTO DEMO / SYNTHETIC RMS,0.018272,0.002144,0.004144,1.000,0.23548,0.22422,63,1,57.38,154.58,none
464.258,AUTO DEMO / SYNTHETIC RMS,0.018986,0.002144,0.004144,1.000,0.24737,0.24486,71,1,58.52,156.58,none
464.512,AUTO DEMO / SYNTHETIC RMS,0.017852,0.002144,0.004144,1.000,0.22848,0.24261,79,0,56.13,160.58,none
464.761,AUTO DEMO / SYNTHETIC RMS,0.016190,0.002144,0.004144,1.000,0.20077,0.23169,82,0,58.17,162.58,none
465.011,AUTO DEMO / SYNTHETIC RMS,0.015032,0.002144,0.004144,1.000,0.18148,0.21581,87,0,59.13,166.58,none
465.261,AUTO DEMO / SYNTHETIC RMS,0.015637,0.002144,0.004144,1.000,0.19155,0.20428,87,0,59.59,168.58,none
465.515,AUTO DEMO / SYNTHETIC RMS,0.017803,0.002144,0.004144,1.000,0.22766,0.21670,88,0,59.44,172.58,none
465.766,AUTO DEMO / SYNTHETIC RMS,0.019018,0.002144,0.004144,1.000,0.24790,0.24239,82,0,59.63,174.58,none
466.017,AUTO DEMO / SYNTHETIC RMS,0.067036,0.002144,0.004144,1.000,1.00000,0.36926,81,0,59.67,178.58,none
466.251,AUTO DEMO / SYNTHETIC RMS,0.070496,0.002144,0.004144,1.000,1.00000,0.93935,97,1,59.69,182.58,none
466.502,AUTO DEMO / SYNTHETIC RMS,0.076905,0.002144,0.004144,1.000,1.00000,0.99508,114,1,59.59,184.58,none
466.751,AUTO DEMO / SYNTHETIC RMS,0.082537,0.002144,0.004144,1.000,1.00000,0.99959,133,1,59.93,188.58,none
467.002,AUTO DEMO / SYNTHETIC RMS,0.085006,0.002144,0.004144,1.000,1.00000,0.99997,149,1,59.87,190.58,none
467.251,AUTO DEMO / SYNTHETIC RMS,0.082617,0.002144,0.004144,1.000,1.00000,1.00000,167,2,60.03,194.58,none
467.531,AUTO DEMO / SYNTHETIC RMS,0.075566,0.002144,0.004144,1.000,1.00000,1.00000,178,2,52.84,196.58,none
467.759,AUTO DEMO / SYNTHETIC RMS,0.070050,0.002144,0.004144,1.000,1.00000,1.00000,180,2,55.06,200.58,none
468.010,AUTO DEMO / SYNTHETIC RMS,0.067191,0.002144,0.004144,1.000,1.00000,1.00000,180,3,57.53,202.58,none
468.259,AUTO DEMO / SYNTHETIC RMS,0.068733,0.002144,0.004144,1.000,1.00000,1.00000,180,3,58.89,206.58,none
468.509,AUTO DEMO / SYNTHETIC RMS,0.074396,0.002144,0.004144,1.000,1.00000,1.00000,179,2,54.77,208.58,none
468.763,AUTO DEMO / SYNTHETIC RMS,0.081155,0.002144,0.004144,1.000,1.00000,1.00000,177,2,57.03,212.58,none
469.013,AUTO DEMO / SYNTHETIC RMS,0.084696,0.002144,0.004144,1.000,1.00000,1.00000,180,3,58.60,216.58,none
469.263,AUTO DEMO / SYNTHETIC RMS,0.083725,0.002144,0.004144,1.000,1.00000,1.00000,179,3,59.39,218.58,none
469.502,AUTO DEMO / SYNTHETIC RMS,0.079106,0.002144,0.004144,1.000,1.00000,1.00000,173,2,59.07,222.58,none
469.752,AUTO DEMO / SYNTHETIC RMS,0.072366,0.002144,0.004144,1.000,1.00000,1.00000,177,2,59.56,226.58,none
470.002,AUTO DEMO / SYNTHETIC RMS,0.067599,0.002144,0.004144,1.000,1.00000,1.00000,177,3,59.80,228.58,none
470.253,AUTO DEMO / SYNTHETIC RMS,0.067651,0.002144,0.004144,1.000,1.00000,1.00000,179,3,59.85,232.58,none
470.503,AUTO DEMO / SYNTHETIC RMS,0.071923,0.002144,0.004144,1.000,1.00000,1.00000,179,2,59.88,234.58,none
470.754,AUTO DEMO / SYNTHETIC RMS,0.078316,0.002144,0.004144,1.000,1.00000,1.00000,180,2,59.88,238.58,none
471.013,AUTO DEMO / SYNTHETIC RMS,0.083933,0.002144,0.004144,1.000,1.00000,1.00000,178,3,58.31,242.58,none
471.262,AUTO DEMO / SYNTHETIC RMS,0.084825,0.002144,0.004144,1.000,1.00000,1.00000,180,2,59.41,244.58,none
471.512,AUTO DEMO / SYNTHETIC RMS,0.080859,0.002144,0.004144,1.000,1.00000,1.00000,178,2,59.79,248.58,none
471.764,AUTO DEMO / SYNTHETIC RMS,0.074568,0.002144,0.004144,1.000,1.00000,1.00000,172,2,59.62,24.59,none
472.001,AUTO DEMO / SYNTHETIC RMS,0.002107,0.002144,0.004144,1.000,0.00000,0.97095,176,3,59.36,30.59,none
472.251,AUTO DEMO / SYNTHETIC RMS,0.001860,0.002144,0.004144,1.000,0.00000,0.61699,173,2,59.83,34.59,none
472.503,AUTO DEMO / SYNTHETIC RMS,0.002011,0.002144,0.004144,1.000,0.00000,0.38996,174,2,59.61,36.59,none
472.752,AUTO DEMO / SYNTHETIC RMS,0.002132,0.002144,0.004144,1.000,0.00000,0.24791,170,2,60.01,40.59,none
473.003,AUTO DEMO / SYNTHETIC RMS,0.001879,0.002144,0.004144,1.000,0.00000,0.15696,162,2,59.87,44.59,none
473.264,AUTO DEMO / SYNTHETIC RMS,0.001982,0.002144,0.004144,1.000,0.00000,0.09771,157,1,53.90,46.59,none
473.507,AUTO DEMO / SYNTHETIC RMS,0.002145,0.002144,0.004144,1.000,0.00000,0.06286,147,1,51.47,48.59,none
473.765,AUTO DEMO / SYNTHETIC RMS,0.001898,0.002144,0.004144,1.000,0.00000,0.03930,131,1,51.77,52.59,none
474.009,AUTO DEMO / SYNTHETIC RMS,0.001936,0.002144,0.004144,1.000,0.00000,0.02521,113,1,52.47,54.59,none
474.260,AUTO DEMO / SYNTHETIC RMS,0.002150,0.002144,0.004144,1.000,0.00000,0.01597,89,0,56.17,58.59,none
474.510,AUTO DEMO / SYNTHETIC RMS,0.001938,0.002144,0.004144,1.000,0.00000,0.01014,71,0,58.18,60.59,none
474.760,AUTO DEMO / SYNTHETIC RMS,0.001901,0.002144,0.004144,1.000,0.00000,0.00644,53,0,52.99,62.59,none
475.010,AUTO DEMO / SYNTHETIC RMS,0.002144,0.002144,0.004144,1.000,0.00000,0.00408,42,0,56.52,66.59,none
475.262,AUTO DEMO / SYNTHETIC RMS,0.001977,0.002144,0.004144,1.000,0.00000,0.00259,28,0,58.20,68.59,none
475.516,AUTO DEMO / SYNTHETIC RMS,0.001878,0.002144,0.004144,1.000,0.00000,0.00163,19,0,58.56,72.59,none
475.756,AUTO DEMO / SYNTHETIC RMS,0.002123,0.002144,0.004144,1.000,0.00000,0.00105,12,0,58.34,74.59,none
476.006,AUTO DEMO / SYNTHETIC RMS,0.002026,0.002144,0.004144,1.000,0.00000,0.00000,6,0,59.17,78.59,none
476.256,AUTO DEMO / SYNTHETIC RMS,0.001855,0.002144,0.004144,1.000,0.00000,0.00000,4,0,59.68,80.59,none
476.507,AUTO DEMO / SYNTHETIC RMS,0.002095,0.002144,0.004144,1.000,0.00000,0.00000,1,0,59.69,84.59,none
476.756,AUTO DEMO / SYNTHETIC RMS,0.002066,0.002144,0.004144,1.000,0.00000,0.00000,1,0,59.95,86.59,none
477.006,AUTO DEMO / SYNTHETIC RMS,0.001850,0.002144,0.004144,1.000,0.00000,0.00000,0,0,60.05,90.59,none
477.256,AUTO DEMO / SYNTHETIC RMS,0.002059,0.002144,0.004144,1.000,0.00000,0.00000,0,0,60.06,92.59,none
477.507,AUTO DEMO / SYNTHETIC RMS,0.002101,0.002144,0.004144,1.000,0.00000,0.00000,0,0,56.05,96.59,none
477.759,AUTO DEMO / SYNTHETIC RMS,0.001856,0.002144,0.004144,1.000,0.00000,0.00000,0,0,57.76,98.59,none
478.009,AUTO DEMO / SYNTHETIC RMS,0.002021,0.002144,0.004144,1.000,0.00000,0.00000,0,0,58.93,102.59,none
478.260,AUTO DEMO / SYNTHETIC RMS,0.002126,0.002144,0.004144,1.000,0.00000,0.00000,0,0,59.36,104.59,none
478.509,AUTO DEMO / SYNTHETIC RMS,0.001874,0.002144,0.004144,1.000,0.00000,0.00000,0,0,59.75,108.59,none
478.760,AUTO DEMO / SYNTHETIC RMS,0.001980,0.002144,0.004144,1.000,0.00000,0.00000,0,0,59.80,110.59,none
479.010,AUTO DEMO / SYNTHETIC RMS,0.002144,0.002144,0.004144,1.000,0.00000,0.00000,0,0,59.89,114.59,none
479.260,AUTO DEMO / SYNTHETIC RMS,0.001901,0.002144,0.004144,1.000,0.00000,0.00000,0,0,59.88,116.59,none
479.510,AUTO DEMO / SYNTHETIC RMS,0.001939,0.002144,0.004144,1.000,0.00000,0.00000,0,0,59.95,120.59,none
479.759,AUTO DEMO / SYNTHETIC RMS,0.002150,0.002144,0.004144,1.000,0.00000,0.00000,0,0,60.09,122.59,none
480.009,AUTO DEMO / SYNTHETIC RMS,0.002011,0.002144,0.004144,1.000,0.00000,0.00000,0,0,60.08,126.59,none
480.264,AUTO DEMO / SYNTHETIC RMS,0.002129,0.002144,0.004144,1.000,0.00000,0.00000,0,0,59.46,128.59,none
480.515,AUTO DEMO / SYNTHETIC RMS,0.001876,0.002144,0.004144,1.000,0.00000,0.00000,0,0,59.68,132.59,none
480.766,AUTO DEMO / SYNTHETIC RMS,0.001976,0.002144,0.004144,1.000,0.00000,0.00000,0,0,59.69,134.59,none
481.015,AUTO DEMO / SYNTHETIC RMS,0.002145,0.002144,0.004144,1.000,0.00000,0.00000,0,0,59.83,138.59,none
481.264,AUTO DEMO / SYNTHETIC RMS,0.001905,0.002144,0.004144,1.000,0.00000,0.00000,0,0,60.08,142.59,none
481.516,AUTO DEMO / SYNTHETIC RMS,0.001936,0.002144,0.004144,1.000,0.00000,0.00000,0,0,59.90,144.59,none
481.766,AUTO DEMO / SYNTHETIC RMS,0.002150,0.002144,0.004144,1.000,0.00000,0.00000,0,0,59.95,148.59,none
482.016,AUTO DEMO / SYNTHETIC RMS,0.001940,0.002144,0.004144,1.000,0.00000,0.00000,0,0,59.99,150.59,none
482.266,AUTO DEMO / SYNTHETIC RMS,0.001901,0.002144,0.004144,1.000,0.00000,0.00000,0,0,59.91,154.59,none
482.516,AUTO DEMO / SYNTHETIC RMS,0.002144,0.002144,0.004144,1.000,0.00000,0.00000,0,0,59.91,156.59,none
482.763,AUTO DEMO / SYNTHETIC RMS,0.001983,0.002144,0.004144,1.000,0.00000,0.00000,0,0,52.56,158.59,none
483.009,AUTO DEMO / SYNTHETIC RMS,0.001869,0.002144,0.004144,1.000,0.00000,0.00000,0,0,54.85,162.59,none
483.260,AUTO DEMO / SYNTHETIC RMS,0.002121,0.002144,0.004144,1.000,0.00000,0.00000,0,0,57.38,164.59,none
483.512,AUTO DEMO / SYNTHETIC RMS,0.002027,0.002144,0.004144,1.000,0.00000,0.00000,0,0,58.55,168.59,none
483.762,AUTO DEMO / SYNTHETIC RMS,0.001855,0.002144,0.004144,1.000,0.00000,0.00000,0,0,59.35,170.59,none
484.014,AUTO DEMO / SYNTHETIC RMS,0.002096,0.002144,0.004144,1.000,0.00000,0.00000,0,0,59.57,174.59,none
484.263,AUTO DEMO / SYNTHETIC RMS,0.002066,0.002144,0.004144,1.000,0.00000,0.00000,0,0,59.97,176.59,none
484.514,AUTO DEMO / SYNTHETIC RMS,0.001850,0.002144,0.004144,1.000,0.00000,0.00000,0,0,60.00,180.59,none
484.767,AUTO DEMO / SYNTHETIC RMS,0.002064,0.002144,0.004144,1.000,0.00000,0.00000,0,0,55.27,182.59,none
485.005,AUTO DEMO / SYNTHETIC RMS,0.002108,0.002144,0.004144,1.000,0.00000,0.00000,0,0,57.24,186.59,none
485.255,AUTO DEMO / SYNTHETIC RMS,0.001860,0.002144,0.004144,1.000,0.00000,0.00000,0,0,58.71,188.59,none
485.506,AUTO DEMO / SYNTHETIC RMS,0.002010,0.002144,0.004144,1.000,0.00000,0.00000,0,0,59.32,192.59,none
485.756,AUTO DEMO / SYNTHETIC RMS,0.002132,0.002144,0.004144,1.000,0.00000,0.00000,0,0,59.69,194.59,none
486.006,AUTO DEMO / SYNTHETIC RMS,0.015089,0.002144,0.004144,1.000,0.18242,0.02768,0,0,59.92,198.59,none
486.261,AUTO DEMO / SYNTHETIC RMS,0.016792,0.002144,0.004144,1.000,0.21080,0.18761,6,1,59.40,200.59,none
486.500,AUTO DEMO / SYNTHETIC RMS,0.018674,0.002144,0.004144,1.000,0.24217,0.23035,14,1,58.68,204.59,none
486.758,AUTO DEMO / SYNTHETIC RMS,0.018804,0.002144,0.004144,1.000,0.24435,0.24516,23,1,58.46,206.59,none
487.010,AUTO DEMO / SYNTHETIC RMS,0.017400,0.002144,0.004144,1.000,0.22094,0.24033,32,1,58.88,210.59,none
487.259,AUTO DEMO / SYNTHETIC RMS,0.015770,0.002144,0.004144,1.000,0.19378,0.22749,40,1,59.50,212.59,none
487.509,AUTO DEMO / SYNTHETIC RMS,0.014981,0.002144,0.004144,1.000,0.18062,0.21164,48,1,59.66,216.59,none
487.759,AUTO DEMO / SYNTHETIC RMS,0.016151,0.002144,0.004144,1.000,0.20013,0.20340,56,1,59.92,218.59,none
488.009,AUTO DEMO / SYNTHETIC RMS,0.018300,0.002144,0.004144,1.000,0.23595,0.22464,64,1,59.99,222.59,none
488.259,AUTO DEMO / SYNTHETIC RMS,0.018983,0.002144,0.004144,1.000,0.24733,0.24489,72,1,59.98,224.59,none
488.509,AUTO DEMO / SYNTHETIC RMS,0.017871,0.002144,0.004144,1.000,0.22879,0.24274,79,0,60.06,228.59,none
488.757,AUTO DEMO / SYNTHETIC RMS,0.016213,0.002144,0.004144,1.000,0.20116,0.23173,82,0,52.81,230.59,none
489.005,AUTO DEMO / SYNTHETIC RMS,0.015043,0.002144,0.004144,1.000,0.18166,0.21601,85,0,53.15,232.59,none
489.264,AUTO DEMO / SYNTHETIC RMS,0.015657,0.002144,0.004144,1.000,0.19190,0.20415,81,0,51.71,236.59,none
489.505,AUTO DEMO / SYNTHETIC RMS,0.017722,0.002144,0.004144,1.000,0.22630,0.21572,78,0,52.63,238.59,none
489.761,AUTO DEMO / SYNTHETIC RMS,0.019015,0.002144,0.004144,1.000,0.24785,0.24229,83,0,50.45,242.59,none
490.001,AUTO DEMO / SYNTHETIC RMS,0.066963,0.002144,0.004144,1.000,1.00000,0.36685,82,0,50.92,244.59,none
490.254,AUTO DEMO / SYNTHETIC RMS,0.070569,0.002144,0.004144,1.000,1.00000,0.94942,98,1,55.11,246.59,none
490.512,AUTO DEMO / SYNTHETIC RMS,0.077162,0.002144,0.004144,1.000,1.00000,0.99616,120,1,56.46,250.59,none
490.763,AUTO DEMO / SYNTHETIC RMS,0.082745,0.002144,0.004144,1.000,1.00000,0.99969,140,1,58.23,30.59,none
491.002,AUTO DEMO / SYNTHETIC RMS,0.085006,0.002144,0.004144,1.000,1.00000,0.99997,148,2,58.21,32.59,none
491.260,AUTO DEMO / SYNTHETIC RMS,0.082451,0.002144,0.004144,1.000,1.00000,1.00000,167,2,58.14,36.59,none
491.519,AUTO DEMO / SYNTHETIC RMS,0.075891,0.002144,0.004144,1.000,1.00000,1.00000,180,2,49.75,38.59,none
491.752,AUTO DEMO / SYNTHETIC RMS,0.070189,0.002144,0.004144,1.000,1.00000,1.00000,180,2,52.70,40.59,none
492.003,AUTO DEMO / SYNTHETIC RMS,0.067211,0.002144,0.004144,1.000,1.00000,1.00000,180,3,56.15,44.59,none
492.256,AUTO DEMO / SYNTHETIC RMS,0.068681,0.002144,0.004144,1.000,1.00000,1.00000,179,3,57.91,46.59,none
492.506,AUTO DEMO / SYNTHETIC RMS,0.074297,0.002144,0.004144,1.000,1.00000,1.00000,178,2,59.05,50.59,none
492.757,AUTO DEMO / SYNTHETIC RMS,0.081009,0.002144,0.004144,1.000,1.00000,1.00000,178,2,59.42,54.59,none
493.007,AUTO DEMO / SYNTHETIC RMS,0.084664,0.002144,0.004144,1.000,1.00000,1.00000,177,3,59.69,56.59,none
493.260,AUTO DEMO / SYNTHETIC RMS,0.083753,0.002144,0.004144,1.000,1.00000,1.00000,177,3,59.23,60.59,none
493.503,AUTO DEMO / SYNTHETIC RMS,0.079080,0.002144,0.004144,1.000,1.00000,1.00000,178,2,58.22,64.59,none
493.765,AUTO DEMO / SYNTHETIC RMS,0.072034,0.002144,0.004144,1.000,1.00000,1.00000,178,2,57.70,66.59,none
494.015,AUTO DEMO / SYNTHETIC RMS,0.067474,0.002144,0.004144,1.000,1.00000,1.00000,180,3,48.94,68.59,none
494.262,AUTO DEMO / SYNTHETIC RMS,0.067751,0.002144,0.004144,1.000,1.00000,1.00000,180,2,50.79,72.59,none
494.509,AUTO DEMO / SYNTHETIC RMS,0.072058,0.002144,0.004144,1.000,1.00000,1.00000,178,2,52.00,74.59,none
494.757,AUTO DEMO / SYNTHETIC RMS,0.078404,0.002144,0.004144,1.000,1.00000,1.00000,180,2,52.43,76.59,none
495.001,AUTO DEMO / SYNTHETIC RMS,0.083751,0.002144,0.004144,1.000,1.00000,1.00000,179,3,55.14,80.59,none
495.255,AUTO DEMO / SYNTHETIC RMS,0.084869,0.002144,0.004144,1.000,1.00000,1.00000,180,2,52.29,82.59,none
495.507,AUTO DEMO / SYNTHETIC RMS,0.080964,0.002144,0.004144,1.000,1.00000,1.00000,173,2,49.10,86.59,none
495.756,AUTO DEMO / SYNTHETIC RMS,0.074775,0.002144,0.004144,1.000,1.00000,1.00000,179,2,50.78,88.59,none
496.008,AUTO DEMO / SYNTHETIC RMS,0.002102,0.002144,0.004144,1.000,0.00000,0.96974,177,3,55.18,92.59,none
496.256,AUTO DEMO / SYNTHETIC RMS,0.001858,0.002144,0.004144,1.000,0.00000,0.61714,174,2,55.62,94.59,none
496.508,AUTO DEMO / SYNTHETIC RMS,0.002018,0.002144,0.004144,1.000,0.00000,0.39043,170,2,53.62,98.59,none
496.765,AUTO DEMO / SYNTHETIC RMS,0.002124,0.002144,0.004144,1.000,0.00000,0.24466,160,2,48.96,100.59,none
497.002,AUTO DEMO / SYNTHETIC RMS,0.001880,0.002144,0.004144,1.000,0.00000,0.15901,153,2,49.70,102.59,none
497.270,AUTO DEMO / SYNTHETIC RMS,0.001989,0.002144,0.004144,1.000,0.00000,0.09775,145,1,44.81,104.59,none
497.512,AUTO DEMO / SYNTHETIC RMS,0.002144,0.002144,0.004144,1.000,0.00000,0.06293,135,1,31.30,106.59,none
497.762,AUTO DEMO / SYNTHETIC RMS,0.001901,0.002144,0.004144,1.000,0.00000,0.03997,116,1,31.52,108.59,none
498.013,AUTO DEMO / SYNTHETIC RMS,0.001940,0.002144,0.004144,1.000,0.00000,0.02532,101,1,39.24,110.59,none
498.266,AUTO DEMO / SYNTHETIC RMS,0.002150,0.002144,0.004144,1.000,0.00000,0.01599,85,0,46.12,112.59,none
498.513,AUTO DEMO / SYNTHETIC RMS,0.001935,0.002144,0.004144,1.000,0.00000,0.01020,68,0,39.10,114.59,none
498.761,AUTO DEMO / SYNTHETIC RMS,0.001903,0.002144,0.004144,1.000,0.00000,0.00649,50,0,46.54,118.59,none
499.002,AUTO DEMO / SYNTHETIC RMS,0.002141,0.002144,0.004144,1.000,0.00000,0.00419,40,0,48.46,120.59,none
499.260,AUTO DEMO / SYNTHETIC RMS,0.001979,0.002144,0.004144,1.000,0.00000,0.00262,26,0,50.65,122.59,none
499.511,AUTO DEMO / SYNTHETIC RMS,0.001875,0.002144,0.004144,1.000,0.00000,0.00166,22,0,55.10,126.59,none
499.757,AUTO DEMO / SYNTHETIC RMS,0.002124,0.002144,0.004144,1.000,0.00000,0.00106,18,0,47.54,128.59,none
500.008,AUTO DEMO / SYNTHETIC RMS,0.002023,0.002144,0.004144,1.000,0.00000,0.00000,9,0,43.67,130.59,none
500.259,AUTO DEMO / SYNTHETIC RMS,0.001856,0.002144,0.004144,1.000,0.00000,0.00000,5,0,37.08,132.59,none
500.527,AUTO DEMO / SYNTHETIC RMS,0.002113,0.002144,0.004144,1.000,0.00000,0.00000,1,0,29.38,132.59,none
500.811,AUTO DEMO / SYNTHETIC RMS,0.002003,0.002144,0.004144,1.000,0.00000,0.00000,1,0,24.36,134.59,none
501.015,AUTO DEMO / SYNTHETIC RMS,0.001850,0.002144,0.004144,1.000,0.00000,0.00000,0,0,24.62,134.59,none
501.252,AUTO DEMO / SYNTHETIC RMS,0.002054,0.002144,0.004144,1.000,0.00000,0.00000,0,0,29.40,136.59,none
501.517,AUTO DEMO / SYNTHETIC RMS,0.002091,0.002144,0.004144,1.000,0.00000,0.00000,0,0,36.47,138.59,none
501.755,AUTO DEMO / SYNTHETIC RMS,0.001858,0.002144,0.004144,1.000,0.00000,0.00000,0,0,43.56,142.59,none
502.012,AUTO DEMO / SYNTHETIC RMS,0.002025,0.002144,0.004144,1.000,0.00000,0.00000,0,0,50.57,144.59,none
502.262,AUTO DEMO / SYNTHETIC RMS,0.002124,0.002144,0.004144,1.000,0.00000,0.00000,0,0,55.22,148.59,none
502.512,AUTO DEMO / SYNTHETIC RMS,0.001872,0.002144,0.004144,1.000,0.00000,0.00000,0,0,57.75,150.59,none
502.753,AUTO DEMO / SYNTHETIC RMS,0.001972,0.002144,0.004144,1.000,0.00000,0.00000,0,0,57.82,154.59,none
503.013,AUTO DEMO / SYNTHETIC RMS,0.002142,0.002144,0.004144,1.000,0.00000,0.00000,0,0,57.86,156.59,none
503.250,AUTO DEMO / SYNTHETIC RMS,0.001910,0.002144,0.004144,1.000,0.00000,0.00000,0,0,58.28,160.79,none
503.510,AUTO DEMO / SYNTHETIC RMS,0.001939,0.002144,0.004144,1.000,0.00000,0.00000,0,0,58.07,162.59,none
503.759,AUTO DEMO / SYNTHETIC RMS,0.002150,0.002144,0.004144,1.000,0.00000,0.00000,0,0,55.31,164.59,none
504.009,AUTO DEMO / SYNTHETIC RMS,0.002010,0.002144,0.004144,1.000,0.00000,0.00000,0,0,57.85,168.59,none
504.298,AUTO DEMO / SYNTHETIC RMS,0.002103,0.002144,0.004144,1.000,0.00000,0.00000,0,0,39.51,170.59,none
504.508,AUTO DEMO / SYNTHETIC RMS,0.001881,0.002144,0.004144,1.000,0.00000,0.00000,0,0,41.11,172.59,none
504.760,AUTO DEMO / SYNTHETIC RMS,0.001970,0.002144,0.004144,1.000,0.00000,0.00000,0,0,49.25,176.59,none
505.000,AUTO DEMO / SYNTHETIC RMS,0.002148,0.002144,0.004144,1.000,0.00000,0.00000,0,0,51.67,178.59,none
505.257,AUTO DEMO / SYNTHETIC RMS,0.001911,0.002144,0.004144,1.000,0.00000,0.00000,0,0,53.66,180.59,none
505.508,AUTO DEMO / SYNTHETIC RMS,0.001927,0.002144,0.004144,1.000,0.00000,0.00000,0,0,56.92,184.59,none
505.759,AUTO DEMO / SYNTHETIC RMS,0.002150,0.002144,0.004144,1.000,0.00000,0.00000,0,0,58.32,186.59,none
506.009,AUTO DEMO / SYNTHETIC RMS,0.001947,0.002144,0.004144,1.000,0.00000,0.00000,0,0,59.25,190.59,none
506.265,AUTO DEMO / SYNTHETIC RMS,0.001900,0.002144,0.004144,1.000,0.00000,0.00000,0,0,58.93,192.59,none
506.506,AUTO DEMO / SYNTHETIC RMS,0.002139,0.002144,0.004144,1.000,0.00000,0.00000,0,0,55.71,196.59,none
506.759,AUTO DEMO / SYNTHETIC RMS,0.001988,0.002144,0.004144,1.000,0.00000,0.00000,0,0,36.38,196.59,none
507.012,AUTO DEMO / SYNTHETIC RMS,0.001871,0.002136,0.004136,1.000,0.00000,0.00000,0,0,42.64,200.59,none
507.265,AUTO DEMO / SYNTHETIC RMS,0.002125,0.002136,0.004136,1.000,0.00000,0.00000,0,0,50.19,202.59,none
507.509,AUTO DEMO / SYNTHETIC RMS,0.002031,0.002136,0.004136,1.000,0.00000,0.00000,0,0,51.70,204.59,none
507.759,AUTO DEMO / SYNTHETIC RMS,0.001854,0.002136,0.004136,1.000,0.00000,0.00000,0,0,55.73,208.59,none
508.010,AUTO DEMO / SYNTHETIC RMS,0.002092,0.002136,0.004136,1.000,0.00000,0.00000,0,0,57.87,210.59,none
508.264,AUTO DEMO / SYNTHETIC RMS,0.002065,0.002136,0.004136,1.000,0.00000,0.00000,0,0,58.53,214.59,none
508.513,AUTO DEMO / SYNTHETIC RMS,0.001850,0.002136,0.004136,1.000,0.00000,0.00000,0,0,59.39,216.59,none
508.763,AUTO DEMO / SYNTHETIC RMS,0.002059,0.002136,0.004136,1.000,0.00000,0.00000,0,0,59.74,220.59,none
509.008,AUTO DEMO / SYNTHETIC RMS,0.002105,0.002136,0.004136,1.000,0.00000,0.00000,0,0,56.59,222.59,none
509.260,AUTO DEMO / SYNTHETIC RMS,0.001858,0.002136,0.004136,1.000,0.00000,0.00000,0,0,58.22,226.59,none
509.511,AUTO DEMO / SYNTHETIC RMS,0.002016,0.002136,0.004136,1.000,0.00000,0.00000,0,0,56.64,228.59,none
509.763,AUTO DEMO / SYNTHETIC RMS,0.002128,0.002136,0.004136,1.000,0.00000,0.00000,0,0,58.24,232.59,none
510.013,AUTO DEMO / SYNTHETIC RMS,0.015111,0.002136,0.004136,1.000,0.18291,0.02863,0,0,59.11,234.59,none
510.251,AUTO DEMO / SYNTHETIC RMS,0.016698,0.002136,0.004136,1.000,0.20936,0.18423,6,1,59.01,238.59,none
510.501,AUTO DEMO / SYNTHETIC RMS,0.018676,0.002136,0.004136,1.000,0.24233,0.23040,14,1,59.47,240.59,none
510.787,AUTO DEMO / SYNTHETIC RMS,0.018691,0.002136,0.004136,1.000,0.24259,0.24483,24,1,48.02,242.59,none
511.001,AUTO DEMO / SYNTHETIC RMS,0.017461,0.002136,0.004136,1.000,0.22208,0.24054,31,1,51.35,246.59,none
511.268,AUTO DEMO / SYNTHETIC RMS,0.015724,0.002136,0.004136,1.000,0.19313,0.22693,40,1,54.10,248.59,none
511.512,AUTO DEMO / SYNTHETIC RMS,0.014982,0.002136,0.004136,1.000,0.18076,0.21150,48,1,55.70,24.58,none
511.760,AUTO DEMO / SYNTHETIC RMS,0.016154,0.002136,0.004136,1.000,0.20031,0.20367,56,1,48.36,30.58,none
512.015,AUTO DEMO / SYNTHETIC RMS,0.018340,0.002136,0.004136,1.000,0.23674,0.22702,64,1,35.38,30.58,none
512.267,AUTO DEMO / SYNTHETIC RMS,0.018970,0.002136,0.004136,1.000,0.24723,0.24530,69,1,45.20,34.58,none
512.501,AUTO DEMO / SYNTHETIC RMS,0.017923,0.002136,0.004136,1.000,0.22979,0.24315,75,0,51.70,36.58,none
512.751,AUTO DEMO / SYNTHETIC RMS,0.016255,0.002136,0.004136,1.000,0.20199,0.23247,78,0,55.74,40.58,none
513.000,AUTO DEMO / SYNTHETIC RMS,0.015055,0.002136,0.004136,1.000,0.18198,0.21668,83,0,58.04,44.58,none
513.251,AUTO DEMO / SYNTHETIC RMS,0.015568,0.002136,0.004136,1.000,0.19053,0.20468,84,0,59.00,46.58,none
513.506,AUTO DEMO / SYNTHETIC RMS,0.017725,0.002136,0.004136,1.000,0.22649,0.21577,81,0,58.72,50.58,none
513.759,AUTO DEMO / SYNTHETIC RMS,0.019013,0.002136,0.004136,1.000,0.24795,0.24213,82,0,59.05,52.58,none
514.009,AUTO DEMO / SYNTHETIC RMS,0.066999,0.002136,0.004136,1.000,1.00000,0.35590,86,0,59.53,56.58,none
514.260,AUTO DEMO / SYNTHETIC RMS,0.070693,0.002136,0.004136,1.000,1.00000,0.94720,103,1,59.76,58.58,none
514.511,AUTO DEMO / SYNTHETIC RMS,0.077134,0.002136,0.004136,1.000,1.00000,0.99572,119,1,59.76,62.58,none
514.761,AUTO DEMO / SYNTHETIC RMS,0.082708,0.002136,0.004136,1.000,1.00000,0.99965,135,1,59.92,66.58,none
515.013,AUTO DEMO / SYNTHETIC RMS,0.085009,0.002136,0.004136,1.000,1.00000,0.99997,147,2,59.69,68.58,none
515.265,AUTO DEMO / SYNTHETIC RMS,0.082360,0.002136,0.004136,1.000,1.00000,1.00000,166,2,59.64,72.58,none
515.516,AUTO DEMO / SYNTHETIC RMS,0.075985,0.002136,0.004136,1.000,1.00000,1.00000,179,2,59.67,74.58,none
515.751,AUTO DEMO / SYNTHETIC RMS,0.070213,0.002136,0.004136,1.000,1.00000,1.00000,180,2,59.63,78.58,none
516.002,AUTO DEMO / SYNTHETIC RMS,0.067216,0.002136,0.004136,1.000,1.00000,1.00000,180,3,59.61,82.58,none
516.255,AUTO DEMO / SYNTHETIC RMS,0.068657,0.002136,0.004136,1.000,1.00000,1.00000,179,3,59.52,84.58,none
516.512,AUTO DEMO / SYNTHETIC RMS,0.074453,0.002136,0.004136,1.000,1.00000,1.00000,180,2,59.07,88.58,none
516.762,AUTO DEMO / SYNTHETIC RMS,0.081119,0.002136,0.004136,1.000,1.00000,1.00000,180,2,59.54,90.58,none
517.013,AUTO DEMO / SYNTHETIC RMS,0.084692,0.002136,0.004136,1.000,1.00000,1.00000,180,3,59.71,94.58,none
517.262,AUTO DEMO / SYNTHETIC RMS,0.083743,0.002136,0.004136,1.000,1.00000,1.00000,172,3,59.99,98.58,none
517.519,AUTO DEMO / SYNTHETIC RMS,0.078683,0.002136,0.004136,1.000,1.00000,1.00000,169,2,56.68,100.58,none
517.754,AUTO DEMO / SYNTHETIC RMS,0.072340,0.002136,0.004136,1.000,1.00000,1.00000,176,2,58.23,104.58,none
518.005,AUTO DEMO / SYNTHETIC RMS,0.067581,0.002136,0.004136,1.000,1.00000,1.00000,177,3,59.08,106.58,none
518.254,AUTO DEMO / SYNTHETIC RMS,0.067656,0.002136,0.004136,1.000,1.00000,1.00000,178,2,59.71,110.58,none
518.511,AUTO DEMO / SYNTHETIC RMS,0.072088,0.002136,0.004136,1.000,1.00000,1.00000,178,2,53.88,112.58,none
518.752,AUTO DEMO / SYNTHETIC RMS,0.078255,0.002136,0.004136,1.000,1.00000,1.00000,180,2,54.50,116.58,none
519.007,AUTO DEMO / SYNTHETIC RMS,0.083843,0.002136,0.004136,1.000,1.00000,1.00000,179,3,56.75,118.58,none
519.266,AUTO DEMO / SYNTHETIC RMS,0.084793,0.002136,0.004136,1.000,1.00000,1.00000,178,2,57.04,122.58,none
519.500,AUTO DEMO / SYNTHETIC RMS,0.081121,0.002136,0.004136,1.000,1.00000,1.00000,178,2,56.34,124.58,none
519.750,AUTO DEMO / SYNTHETIC RMS,0.074929,0.002136,0.004136,1.000,1.00000,1.00000,176,2,53.00,128.71,none
520.007,AUTO DEMO / SYNTHETIC RMS,0.002103,0.002136,0.004136,1.000,0.00000,0.83375,176,3,42.81,130.58,none
520.254,AUTO DEMO / SYNTHETIC RMS,0.001859,0.002136,0.004136,1.000,0.00000,0.53143,172,2,48.97,134.58,none
520.504,AUTO DEMO / SYNTHETIC RMS,0.002012,0.002136,0.004136,1.000,0.00000,0.33735,169,2,54.33,136.58,none
520.758,AUTO DEMO / SYNTHETIC RMS,0.002129,0.002136,0.004136,1.000,0.00000,0.21272,157,2,56.72,140.58,none
521.014,AUTO DEMO / SYNTHETIC RMS,0.001872,0.002136,0.004136,1.000,0.00000,0.13350,139,2,57.93,142.58,none
521.264,AUTO DEMO / SYNTHETIC RMS,0.001982,0.002136,0.004136,1.000,0.00000,0.08472,127,1,59.05,146.58,none
521.515,AUTO DEMO / SYNTHETIC RMS,0.002143,0.002136,0.004136,1.000,0.00000,0.05370,116,1,59.47,150.58,none
521.765,AUTO DEMO / SYNTHETIC RMS,0.001899,0.002136,0.004136,1.000,0.00000,0.03411,110,1,59.80,152.58,none
522.001,AUTO DEMO / SYNTHETIC RMS,0.001927,0.002136,0.004136,1.000,0.00000,0.02218,101,1,59.41,156.58,none
522.254,AUTO DEMO / SYNTHETIC RMS,0.002150,0.002136,0.004136,1.000,0.00000,0.01402,86,0,59.51,158.58,none
522.505,AUTO DEMO / SYNTHETIC RMS,0.001945,0.002136,0.004136,1.000,0.00000,0.00888,70,0,57.66,162.58,none
522.761,AUTO DEMO / SYNTHETIC RMS,0.001902,0.002136,0.004136,1.000,0.00000,0.00558,53,0,58.10,164.58,none
523.012,AUTO DEMO / SYNTHETIC RMS,0.002144,0.002136,0.004136,1.000,0.00000,0.00353,29,0,59.03,168.58,none
523.335,AUTO DEMO / SYNTHETIC RMS,0.001900,0.002136,0.004136,1.000,0.00000,0.00196,27,0,42.17,170.58,none
523.516,AUTO DEMO / SYNTHETIC RMS,0.001877,0.002136,0.004136,1.000,0.00000,0.00141,22,0,44.99,172.58,none
523.755,AUTO DEMO / SYNTHETIC RMS,0.002123,0.002136,0.004136,1.000,0.00000,0.00000,14,0,51.00,174.58,none
524.015,AUTO DEMO / SYNTHETIC RMS,0.002017,0.002136,0.004136,1.000,0.00000,0.00000,5,0,54.59,178.58,none
524.260,AUTO DEMO / SYNTHETIC RMS,0.001856,0.002136,0.004136,1.000,0.00000,0.00000,2,0,55.80,180.58,none
524.507,AUTO DEMO / SYNTHETIC RMS,0.002095,0.002136,0.004136,1.000,0.00000,0.00000,0,0,56.42,184.58,none
524.755,AUTO DEMO / SYNTHETIC RMS,0.002068,0.002136,0.004136,1.000,0.00000,0.00000,0,0,49.59,186.58,none
525.003,AUTO DEMO / SYNTHETIC RMS,0.001850,0.002136,0.004136,1.000,0.00000,0.00000,0,0,53.16,188.58,none
525.257,AUTO DEMO / SYNTHETIC RMS,0.002059,0.002136,0.004136,1.000,0.00000,0.00000,0,0,56.19,192.58,none
525.502,AUTO DEMO / SYNTHETIC RMS,0.002105,0.002136,0.004136,1.000,0.00000,0.00000,0,0,56.44,194.58,none
525.767,AUTO DEMO / SYNTHETIC RMS,0.001854,0.002136,0.004136,1.000,0.00000,0.00000,0,0,55.07,196.58,none
526.008,AUTO DEMO / SYNTHETIC RMS,0.002019,0.002136,0.004136,1.000,0.00000,0.00000,0,0,54.37,200.58,none
526.258,AUTO DEMO / SYNTHETIC RMS,0.002127,0.002136,0.004136,1.000,0.00000,0.00000,0,0,57.28,202.58,none
526.516,AUTO DEMO / SYNTHETIC RMS,0.001870,0.002136,0.004136,1.000,0.00000,0.00000,0,0,57.71,206.58,none
526.750,AUTO DEMO / SYNTHETIC RMS,0.001967,0.002136,0.004136,1.000,0.00000,0.00000,0,0,58.80,208.58,none
527.017,AUTO DEMO / SYNTHETIC RMS,0.002141,0.002136,0.004136,1.000,0.00000,0.00000,0,0,59.46,212.58,none
527.250,AUTO DEMO / SYNTHETIC RMS,0.001910,0.002136,0.004136,1.000,0.00000,0.00000,0,0,59.68,214.58,none
527.517,AUTO DEMO / SYNTHETIC RMS,0.001946,0.002136,0.004136,1.000,0.00000,0.00000,0,0,59.91,218.58,none
527.766,AUTO DEMO / SYNTHETIC RMS,0.002150,0.002136,0.004136,1.000,0.00000,0.00000,0,0,60.07,220.58,none
528.000,AUTO DEMO / SYNTHETIC RMS,0.001948,0.002136,0.004136,1.000,0.00000,0.00000,0,0,59.94,224.58,none
528.250,AUTO DEMO / SYNTHETIC RMS,0.002137,0.002136,0.004136,1.000,0.00000,0.00000,0,0,59.90,226.58,none
528.517,AUTO DEMO / SYNTHETIC RMS,0.001875,0.002136,0.004136,1.000,0.00000,0.00000,0,0,59.97,230.58,none
528.767,AUTO DEMO / SYNTHETIC RMS,0.001977,0.002136,0.004136,1.000,0.00000,0.00000,0,0,59.91,232.58,none
529.016,AUTO DEMO / SYNTHETIC RMS,0.002145,0.002136,0.004136,1.000,0.00000,0.00000,0,0,60.03,236.58,none
529.251,AUTO DEMO / SYNTHETIC RMS,0.001918,0.002136,0.004136,1.000,0.00000,0.00000,0,0,57.89,238.58,none
529.501,AUTO DEMO / SYNTHETIC RMS,0.001920,0.002136,0.004136,1.000,0.00000,0.00000,0,0,59.03,242.58,none
529.751,AUTO DEMO / SYNTHETIC RMS,0.002149,0.002136,0.004136,1.000,0.00000,0.00000,0,0,59.56,244.58,none
530.002,AUTO DEMO / SYNTHETIC RMS,0.001956,0.002136,0.004136,1.000,0.00000,0.00000,0,0,59.72,248.58,none
530.252,AUTO DEMO / SYNTHETIC RMS,0.001888,0.002136,0.004136,1.000,0.00000,0.00000,0,0,59.86,250.58,none
530.503,AUTO DEMO / SYNTHETIC RMS,0.002138,0.002136,0.004136,1.000,0.00000,0.00000,0,0,59.79,30.58,none
530.753,AUTO DEMO / SYNTHETIC RMS,0.001996,0.002136,0.004136,1.000,0.00000,0.00000,0,0,59.92,32.58,none
531.003,AUTO DEMO / SYNTHETIC RMS,0.001865,0.002144,0.004144,1.000,0.00000,0.00000,0,0,60.04,36.58,none
531.250,AUTO DEMO / SYNTHETIC RMS,0.002114,0.002144,0.004144,1.000,0.00000,0.00000,0,0,47.82,38.58,none
531.501,AUTO DEMO / SYNTHETIC RMS,0.002041,0.002144,0.004144,1.000,0.00000,0.00000,0,0,53.60,40.58,none
531.751,AUTO DEMO / SYNTHETIC RMS,0.001852,0.002144,0.004144,1.000,0.00000,0.00000,0,0,56.83,44.58,none
532.001,AUTO DEMO / SYNTHETIC RMS,0.002083,0.002144,0.004144,1.000,0.00000,0.00000,0,0,58.46,46.58,none
532.251,AUTO DEMO / SYNTHETIC RMS,0.002079,0.002144,0.004144,1.000,0.00000,0.00000,0,0,59.18,50.58,none
532.511,AUTO DEMO / SYNTHETIC RMS,0.001850,0.002144,0.004144,1.000,0.00000,0.00000,0,0,55.81,52.58,none
532.762,AUTO DEMO / SYNTHETIC RMS,0.002057,0.002144,0.004144,1.000,0.00000,0.00000,0,0,57.85,56.58,none
533.012,AUTO DEMO / SYNTHETIC RMS,0.002103,0.002144,0.004144,1.000,0.00000,0.00000,0,0,59.03,58.58,none
533.263,AUTO DEMO / SYNTHETIC RMS,0.001858,0.002144,0.004144,1.000,0.00000,0.00000,0,0,59.49,62.58,none
533.514,AUTO DEMO / SYNTHETIC RMS,0.002018,0.002144,0.004144,1.000,0.00000,0.00000,0,0,59.62,64.58,none
533.763,AUTO DEMO / SYNTHETIC RMS,0.002129,0.002144,0.004144,1.000,0.00000,0.00000,0,0,59.91,68.58,none
534.013,AUTO DEMO / SYNTHETIC RMS,0.015108,0.002144,0.004144,1.000,0.18272,0.02654,0,0,57.78,70.58,none
534.265,AUTO DEMO / SYNTHETIC RMS,0.016822,0.002144,0.004144,1.000,0.21130,0.18756,6,1,58.66,74.58,none
534.515,AUTO DEMO / SYNTHETIC RMS,0.018738,0.002144,0.004144,1.000,0.24323,0.23188,14,1,59.36,76.58,none
534.752,AUTO DEMO / SYNTHETIC RMS,0.018827,0.002144,0.004144,1.000,0.24471,0.24517,22,1,59.28,80.58,none
535.001,AUTO DEMO / SYNTHETIC RMS,0.017463,0.002144,0.004144,1.000,0.22199,0.24067,31,1,59.78,82.58,none
535.253,AUTO DEMO / SYNTHETIC RMS,0.015812,0.002144,0.004144,1.000,0.19446,0.22793,40,1,59.67,86.58,none
535.502,AUTO DEMO / SYNTHETIC RMS,0.014978,0.002144,0.004144,1.000,0.18057,0.21210,48,1,59.93,88.58,none
535.750,AUTO DEMO / SYNTHETIC RMS,0.016076,0.002144,0.004144,1.000,0.19886,0.20346,56,1,56.88,92.58,none
536.000,AUTO DEMO / SYNTHETIC RMS,0.018236,0.002144,0.004144,1.000,0.23486,0.22350,64,1,58.52,94.58,none
536.250,AUTO DEMO / SYNTHETIC RMS,0.018997,0.002144,0.004144,1.000,0.24755,0.24463,70,1,59.40,98.58,none
536.501,AUTO DEMO / SYNTHETIC RMS,0.017927,0.002144,0.004144,1.000,0.22971,0.24297,76,0,59.64,100.58,none
536.751,AUTO DEMO / SYNTHETIC RMS,0.016264,0.002144,0.004144,1.000,0.20199,0.23237,80,0,59.84,104.58,none
537.001,AUTO DEMO / SYNTHETIC RMS,0.015056,0.002144,0.004144,1.000,0.18186,0.21654,82,0,59.93,106.58,none
537.251,AUTO DEMO / SYNTHETIC RMS,0.015564,0.002144,0.004144,1.000,0.19033,0.20454,84,0,59.90,110.58,none
537.500,AUTO DEMO / SYNTHETIC RMS,0.017671,0.002144,0.004144,1.000,0.22545,0.21484,84,0,60.03,114.58,none
537.751,AUTO DEMO / SYNTHETIC RMS,0.019004,0.002144,0.004144,1.000,0.24766,0.24142,83,0,59.97,116.58,none
538.004,AUTO DEMO / SYNTHETIC RMS,0.066969,0.002144,0.004144,1.000,1.00000,0.36281,82,0,59.57,120.58,none
538.253,AUTO DEMO / SYNTHETIC RMS,0.070536,0.002144,0.004144,1.000,1.00000,0.94752,92,1,59.84,122.58,none
538.503,AUTO DEMO / SYNTHETIC RMS,0.076918,0.002144,0.004144,1.000,1.00000,0.99569,117,1,59.97,126.58,none
538.750,AUTO DEMO / SYNTHETIC RMS,0.082509,0.002144,0.004144,1.000,1.00000,0.99963,136,1,56.56,128.58,none
539.000,AUTO DEMO / SYNTHETIC RMS,0.085004,0.002144,0.004144,1.000,1.00000,0.99997,154,1,58.34,132.58,none
539.250,AUTO DEMO / SYNTHETIC RMS,0.082655,0.002144,0.004144,1.000,1.00000,1.00000,172,2,59.18,134.58,none
539.516,AUTO DEMO / SYNTHETIC RMS,0.075981,0.002144,0.004144,1.000,1.00000,1.00000,180,2,59.70,138.58,none
539.757,AUTO DEMO / SYNTHETIC RMS,0.070097,0.002144,0.004144,1.000,1.00000,1.00000,180,2,58.90,142.58,none
540.007,AUTO DEMO / SYNTHETIC RMS,0.067200,0.002144,0.004144,1.000,1.00000,1.00000,180,3,59.54,144.58,none
540.258,AUTO DEMO / SYNTHETIC RMS,0.068702,0.002144,0.004144,1.000,1.00000,1.00000,180,3,59.68,148.58,none
540.508,AUTO DEMO / SYNTHETIC RMS,0.074321,0.002144,0.004144,1.000,1.00000,1.00000,178,2,59.90,152.58,none
540.759,AUTO DEMO / SYNTHETIC RMS,0.081032,0.002144,0.004144,1.000,1.00000,1.00000,178,2,59.81,154.58,none
541.007,AUTO DEMO / SYNTHETIC RMS,0.084658,0.002144,0.004144,1.000,1.00000,1.00000,174,3,60.20,158.58,none
541.257,AUTO DEMO / SYNTHETIC RMS,0.083810,0.002144,0.004144,1.000,1.00000,1.00000,176,3,60.21,160.58,none
541.509,AUTO DEMO / SYNTHETIC RMS,0.078962,0.002144,0.004144,1.000,1.00000,1.00000,177,2,59.86,164.58,none
541.759,AUTO DEMO / SYNTHETIC RMS,0.072213,0.002144,0.004144,1.000,1.00000,1.00000,179,2,59.83,168.58,none
542.008,AUTO DEMO / SYNTHETIC RMS,0.067553,0.002144,0.004144,1.000,1.00000,1.00000,178,3,60.06,170.58,none
542.258,AUTO DEMO / SYNTHETIC RMS,0.067698,0.002144,0.004144,1.000,1.00000,1.00000,179,2,59.99,174.58,none
542.508,AUTO DEMO / SYNTHETIC RMS,0.072002,0.002144,0.004144,1.000,1.00000,1.00000,180,2,60.15,178.58,none
542.759,AUTO DEMO / SYNTHETIC RMS,0.078423,0.002144,0.004144,1.000,1.00000,1.00000,178,2,59.96,180.58,none
543.008,AUTO DEMO / SYNTHETIC RMS,0.083845,0.002144,0.004144,1.000,1.00000,1.00000,178,3,60.07,184.58,none
543.261,AUTO DEMO / SYNTHETIC RMS,0.084835,0.002144,0.004144,1.000,1.00000,1.00000,176,2,59.65,186.58,none
543.511,AUTO DEMO / SYNTHETIC RMS,0.080908,0.002144,0.004144,1.000,1.00000,1.00000,178,2,59.90,190.58,none
543.760,AUTO DEMO / SYNTHETIC RMS,0.074713,0.002144,0.004144,1.000,1.00000,1.00000,179,2,60.12,194.58,none
544.012,AUTO DEMO / SYNTHETIC RMS,0.002099,0.002144,0.004144,1.000,0.00000,0.97151,173,3,59.78,196.58,none
544.265,AUTO DEMO / SYNTHETIC RMS,0.001855,0.002144,0.004144,1.000,0.00000,0.61331,172,2,59.57,200.58,none
544.502,AUTO DEMO / SYNTHETIC RMS,0.002008,0.002144,0.004144,1.000,0.00000,0.39881,173,2,57.80,202.58,none
544.755,AUTO DEMO / SYNTHETIC RMS,0.002131,0.002144,0.004144,1.000,0.00000,0.25172,171,2,58.60,206.58,none
545.005,AUTO DEMO / SYNTHETIC RMS,0.001879,0.002144,0.004144,1.000,0.00000,0.15983,163,2,59.34,210.58,none
545.255,AUTO DEMO / SYNTHETIC RMS,0.001970,0.002144,0.004144,1.000,0.00000,0.10143,153,1,59.73,212.58,none
545.505,AUTO DEMO / SYNTHETIC RMS,0.002146,0.002144,0.004144,1.000,0.00000,0.06441,143,1,59.99,216.58,none
545.755,AUTO DEMO / SYNTHETIC RMS,0.001909,0.002144,0.004144,1.000,0.00000,0.04086,133,1,60.02,218.58,none
546.006,AUTO DEMO / SYNTHETIC RMS,0.001931,0.002144,0.004144,1.000,0.00000,0.02588,115,1,59.88,222.58,none
546.255,AUTO DEMO / SYNTHETIC RMS,0.002150,0.002144,0.004144,1.000,0.00000,0.01646,90,0,60.14,226.58,none
546.507,AUTO DEMO / SYNTHETIC RMS,0.001944,0.002144,0.004144,1.000,0.00000,0.01042,75,0,59.89,228.58,none
546.756,AUTO DEMO / SYNTHETIC RMS,0.001896,0.002144,0.004144,1.000,0.00000,0.00663,53,0,60.03,232.58,none
547.006,AUTO DEMO / SYNTHETIC RMS,0.002142,0.002144,0.004144,1.000,0.00000,0.00420,45,0,60.00,234.58,none
547.256,AUTO DEMO / SYNTHETIC RMS,0.001986,0.002144,0.004144,1.000,0.00000,0.00267,32,0,59.99,238.58,none
547.505,AUTO DEMO / SYNTHETIC RMS,0.001870,0.002144,0.004144,1.000,0.00000,0.00170,21,0,60.10,240.58,none
547.757,AUTO DEMO / SYNTHETIC RMS,0.002123,0.002144,0.004144,1.000,0.00000,0.00107,16,0,59.89,244.58,none
548.005,AUTO DEMO / SYNTHETIC RMS,0.002029,0.002144,0.004144,1.000,0.00000,0.00000,10,0,60.13,246.58,none
548.255,AUTO DEMO / SYNTHETIC RMS,0.001854,0.002144,0.004144,1.000,0.00000,0.00000,4,0,60.14,250.58,none
548.506,AUTO DEMO / SYNTHETIC RMS,0.002094,0.002144,0.004144,1.000,0.00000,0.00000,3,0,59.94,28.58,none
548.755,AUTO DEMO / SYNTHETIC RMS,0.002069,0.002144,0.004144,1.000,0.00000,0.00000,1,0,60.15,32.58,none
549.007,AUTO DEMO / SYNTHETIC RMS,0.001850,0.002144,0.004144,1.000,0.00000,0.00000,0,0,59.90,34.58,none
549.256,AUTO DEMO / SYNTHETIC RMS,0.002057,0.002144,0.004144,1.000,0.00000,0.00000,0,0,59.91,38.58,none
549.507,AUTO DEMO / SYNTHETIC RMS,0.002102,0.002144,0.004144,1.000,0.00000,0.00000,0,0,59.93,40.58,none
549.759,AUTO DEMO / SYNTHETIC RMS,0.001857,0.002144,0.004144,1.000,0.00000,0.00000,0,0,59.57,44.58,none
550.016,AUTO DEMO / SYNTHETIC RMS,0.002027,0.002144,0.004144,1.000,0.00000,0.00000,0,0,58.91,46.58,none
550.258,AUTO DEMO / SYNTHETIC RMS,0.002128,0.002144,0.004144,1.000,0.00000,0.00000,0,0,58.40,50.58,none
550.508,AUTO DEMO / SYNTHETIC RMS,0.001876,0.002144,0.004144,1.000,0.00000,0.00000,0,0,59.31,52.58,none
550.758,AUTO DEMO / SYNTHETIC RMS,0.001975,0.002144,0.004144,1.000,0.00000,0.00000,0,0,59.74,56.58,none
551.009,AUTO DEMO / SYNTHETIC RMS,0.002144,0.002144,0.004144,1.000,0.00000,0.00000,0,0,59.70,58.58,none
551.251,AUTO DEMO / SYNTHETIC RMS,0.001911,0.002144,0.004144,1.000,0.00000,0.00000,0,0,58.58,62.58,none
551.516,AUTO DEMO / SYNTHETIC RMS,0.001944,0.002144,0.004144,1.000,0.00000,0.00000,0,0,59.56,64.58,none
551.757,AUTO DEMO / SYNTHETIC RMS,0.002150,0.002144,0.004144,1.000,0.00000,0.00000,0,0,58.91,68.58,none
552.009,AUTO DEMO / SYNTHETIC RMS,0.002009,0.002144,0.004144,1.000,0.00000,0.00000,0,0,59.11,70.58,none
552.263,AUTO DEMO / SYNTHETIC RMS,0.002130,0.002144,0.004144,1.000,0.00000,0.00000,0,0,59.11,74.58,none
552.513,AUTO DEMO / SYNTHETIC RMS,0.001878,0.002144,0.004144,1.000,0.00000,0.00000,0,0,59.57,76.58,none
552.770,AUTO DEMO / SYNTHETIC RMS,0.001979,0.002144,0.004144,1.000,0.00000,0.00000,0,0,56.10,80.58,none
553.004,AUTO DEMO / SYNTHETIC RMS,0.002148,0.002144,0.004144,1.000,0.00000,0.00000,0,0,57.95,82.58,none
553.255,AUTO DEMO / SYNTHETIC RMS,0.001916,0.002144,0.004144,1.000,0.00000,0.00000,0,0,59.04,86.58,none
553.505,AUTO DEMO / SYNTHETIC RMS,0.001922,0.002144,0.004144,1.000,0.00000,0.00000,0,0,59.54,88.58,none
553.756,AUTO DEMO / SYNTHETIC RMS,0.002149,0.002144,0.004144,1.000,0.00000,0.00000,0,0,59.62,92.58,none
554.012,AUTO DEMO / SYNTHETIC RMS,0.001946,0.002144,0.004144,1.000,0.00000,0.00000,0,0,59.03,94.58,none
554.261,AUTO DEMO / SYNTHETIC RMS,0.001895,0.002144,0.004144,1.000,0.00000,0.00000,0,0,59.54,98.58,none
554.511,AUTO DEMO / SYNTHETIC RMS,0.002141,0.002144,0.004144,1.000,0.00000,0.00000,0,0,59.75,100.58,none
554.762,AUTO DEMO / SYNTHETIC RMS,0.001987,0.002144,0.004144,1.000,0.00000,0.00000,0,0,59.82,104.58,none
555.011,AUTO DEMO / SYNTHETIC RMS,0.001869,0.002143,0.004143,1.000,0.00000,0.00000,0,0,57.72,106.58,none
555.260,AUTO DEMO / SYNTHETIC RMS,0.002120,0.002143,0.004143,1.000,0.00000,0.00000,0,0,59.07,110.58,none
555.512,AUTO DEMO / SYNTHETIC RMS,0.002029,0.002143,0.004143,1.000,0.00000,0.00000,0,0,59.28,112.58,none
555.762,AUTO DEMO / SYNTHETIC RMS,0.001854,0.002143,0.004143,1.000,0.00000,0.00000,0,0,59.60,116.58,none
556.010,AUTO DEMO / SYNTHETIC RMS,0.002091,0.002143,0.004143,1.000,0.00000,0.00000,0,0,59.99,118.58,none
556.256,AUTO DEMO / SYNTHETIC RMS,0.002076,0.002143,0.004143,1.000,0.00000,0.00000,0,0,58.68,122.58,none
556.509,AUTO DEMO / SYNTHETIC RMS,0.001850,0.002143,0.004143,1.000,0.00000,0.00000,0,0,59.06,124.58,none
556.762,AUTO DEMO / SYNTHETIC RMS,0.002056,0.002143,0.004143,1.000,0.00000,0.00000,0,0,58.99,128.58,none
557.008,AUTO DEMO / SYNTHETIC RMS,0.002107,0.002143,0.004143,1.000,0.00000,0.00000,0,0,58.20,130.58,none
557.250,AUTO DEMO / SYNTHETIC RMS,0.001864,0.002143,0.004143,1.000,0.00000,0.00000,0,0,58.06,134.58,none
557.500,AUTO DEMO / SYNTHETIC RMS,0.002000,0.002143,0.004143,1.000,0.00000,0.00000,0,0,57.54,136.58,none
557.765,AUTO DEMO / SYNTHETIC RMS,0.002128,0.002143,0.004143,1.000,0.00000,0.00000,0,0,59.13,140.58,none
558.005,AUTO DEMO / SYNTHETIC RMS,0.015082,0.002143,0.004143,1.000,0.18231,0.02994,0,0,50.83,142.58,none
558.258,AUTO DEMO / SYNTHETIC RMS,0.016743,0.002143,0.004143,1.000,0.20999,0.18681,6,1,55.05,144.58,none
558.510,AUTO DEMO / SYNTHETIC RMS,0.018712,0.002143,0.004143,1.000,0.24280,0.23132,14,1,57.33,148.58,none
558.754,AUTO DEMO / SYNTHETIC RMS,0.018823,0.002143,0.004143,1.000,0.24466,0.24519,23,1,57.48,150.58,none
559.006,AUTO DEMO / SYNTHETIC RMS,0.017438,0.002143,0.004143,1.000,0.22158,0.24055,32,1,58.60,154.58,none
559.265,AUTO DEMO / SYNTHETIC RMS,0.015748,0.002143,0.004143,1.000,0.19342,0.22724,40,1,58.10,156.58,none
559.505,AUTO DEMO / SYNTHETIC RMS,0.014979,0.002143,0.004143,1.000,0.18059,0.21202,48,1,58.14,160.58,none
559.759,AUTO DEMO / SYNTHETIC RMS,0.016137,0.002143,0.004143,1.000,0.19990,0.20341,56,1,58.34,162.58,none
560.010,AUTO DEMO / SYNTHETIC RMS,0.018295,0.002143,0.004143,1.000,0.23586,0.22456,64,1,59.05,166.58,none
560.267,AUTO DEMO / SYNTHETIC RMS,0.018973,0.002143,0.004143,1.000,0.24716,0.24502,71,1,58.74,168.58,none
560.502,AUTO DEMO / SYNTHETIC RMS,0.017927,0.002143,0.004143,1.000,0.22973,0.24298,76,0,59.18,172.58,none
560.761,AUTO DEMO / SYNTHETIC RMS,0.016205,0.002143,0.004143,1.000,0.20103,0.23185,80,0,58.37,174.58,none
561.010,AUTO DEMO / SYNTHETIC RMS,0.015038,0.002143,0.004143,1.000,0.18158,0.21602,85,0,59.28,178.58,none
561.260,AUTO DEMO / SYNTHETIC RMS,0.015616,0.002143,0.004143,1.000,0.19121,0.20436,85,0,59.66,180.58,none
561.514,AUTO DEMO / SYNTHETIC RMS,0.017779,0.002143,0.004143,1.000,0.22727,0.21641,81,0,59.17,184.58,none
561.750,AUTO DEMO / SYNTHETIC RMS,0.019002,0.002143,0.004143,1.000,0.24764,0.24132,81,0,59.28,186.58,none
562.000,AUTO DEMO / SYNTHETIC RMS,0.018352,0.002143,0.004143,1.000,0.23681,0.24445,82,0,59.57,190.58,none
562.255,AUTO DEMO / SYNTHETIC RMS,0.070540,0.002143,0.004143,1.000,1.00000,0.94062,89,1,54.80,192.58,none
562.514,AUTO DEMO / SYNTHETIC RMS,0.077154,0.002143,0.004143,1.000,1.00000,0.99553,108,1,56.34,196.58,none
562.753,AUTO DEMO / SYNTHETIC RMS,0.082530,0.002143,0.004143,1.000,1.00000,0.99959,129,1,57.52,198.58,none
563.003,AUTO DEMO / SYNTHETIC RMS,0.085005,0.002143,0.004143,1.000,1.00000,0.99997,149,1,58.78,202.58,none
563.254,AUTO DEMO / SYNTHETIC RMS,0.082605,0.002143,0.004143,1.000,1.00000,1.00000,169,2,59.33,206.58,none
563.509,AUTO DEMO / SYNTHETIC RMS,0.076210,0.002143,0.004143,1.000,1.00000,1.00000,180,2,59.16,208.58,none
563.763,AUTO DEMO / SYNTHETIC RMS,0.070014,0.002143,0.004143,1.000,1.00000,1.00000,179,2,59.24,212.58,none
564.012,AUTO DEMO / SYNTHETIC RMS,0.067189,0.002143,0.004143,1.000,1.00000,1.00000,179,3,59.74,216.58,none
564.254,AUTO DEMO / SYNTHETIC RMS,0.068627,0.002143,0.004143,1.000,1.00000,1.00000,178,3,56.07,218.58,none
564.515,AUTO DEMO / SYNTHETIC RMS,0.074501,0.002143,0.004143,1.000,1.00000,1.00000,179,2,56.63,222.58,none
564.801,AUTO DEMO / SYNTHETIC RMS,0.081919,0.002143,0.004143,1.000,1.00000,1.00000,173,2,40.87,222.58,none
565.009,AUTO DEMO / SYNTHETIC RMS,0.084663,0.002143,0.004143,1.000,1.00000,1.00000,176,3,45.74,226.58,none
565.254,AUTO DEMO / SYNTHETIC RMS,0.083857,0.002143,0.004143,1.000,1.00000,1.00000,176,3,47.31,228.58,none
565.506,AUTO DEMO / SYNTHETIC RMS,0.079060,0.002143,0.004143,1.000,1.00000,1.00000,176,2,53.14,232.58,none
565.755,AUTO DEMO / SYNTHETIC RMS,0.072334,0.002143,0.004143,1.000,1.00000,1.00000,180,2,56.66,234.58,none
566.006,AUTO DEMO / SYNTHETIC RMS,0.067577,0.002143,0.004143,1.000,1.00000,1.00000,174,3,58.26,238.58,none
566.253,AUTO DEMO / SYNTHETIC RMS,0.067636,0.002143,0.004143,1.000,1.00000,1.00000,178,3,57.52,240.58,none
566.510,AUTO DEMO / SYNTHETIC RMS,0.072028,0.002143,0.004143,1.000,1.00000,1.00000,180,2,57.92,244.58,none
566.760,AUTO DEMO / SYNTHETIC RMS,0.078436,0.002143,0.004143,1.000,1.00000,1.00000,180,2,58.92,248.58,none
567.015,AUTO DEMO / SYNTHETIC RMS,0.083938,0.002143,0.004143,1.000,1.00000,1.00000,178,3,54.07,250.58,none
567.250,AUTO DEMO / SYNTHETIC RMS,0.084914,0.002143,0.004143,1.000,1.00000,1.00000,180,2,56.75,30.59,none
567.516,AUTO DEMO / SYNTHETIC RMS,0.080802,0.002143,0.004143,1.000,1.00000,1.00000,178,2,58.64,32.59,none
567.751,AUTO DEMO / SYNTHETIC RMS,0.074954,0.002143,0.004143,1.000,1.00000,1.00000,173,2,59.12,36.59,none
568.002,AUTO DEMO / SYNTHETIC RMS,0.069198,0.002143,0.004143,1.000,1.00000,1.00000,180,3,59.46,38.59,none
568.258,AUTO DEMO / SYNTHETIC RMS,0.001858,0.002143,0.004143,1.000,0.00000,0.62778,176,2,59.05,42.59,none
568.509,AUTO DEMO / SYNTHETIC RMS,0.002016,0.002143,0.004143,1.000,0.00000,0.39781,167,2,59.46,46.59,none
568.760,AUTO DEMO / SYNTHETIC RMS,0.002129,0.002143,0.004143,1.000,0.00000,0.25227,167,2,59.65,48.59,none
569.003,AUTO DEMO / SYNTHETIC RMS,0.001881,0.002143,0.004143,1.000,0.00000,0.16218,164,2,55.09,52.59,none
569.267,AUTO DEMO / SYNTHETIC RMS,0.001982,0.002143,0.004143,1.000,0.00000,0.10040,148,1,55.83,54.59,none
569.503,AUTO DEMO / SYNTHETIC RMS,0.002147,0.002143,0.004143,1.000,0.00000,0.06535,140,1,57.36,58.59,none
569.755,AUTO DEMO / SYNTHETIC RMS,0.001909,0.002143,0.004143,1.000,0.00000,0.04131,124,1,58.50,60.59,none
570.019,AUTO DEMO / SYNTHETIC RMS,0.001944,0.002143,0.004143,1.000,0.00000,0.02556,105,1,57.04,64.59,none
570.258,AUTO DEMO / SYNTHETIC RMS,0.002150,0.002143,0.004143,1.000,0.00000,0.01657,90,0,58.03,66.59,none
570.510,AUTO DEMO / SYNTHETIC RMS,0.001941,0.002143,0.004143,1.000,0.00000,0.01047,72,0,58.79,70.59,none
570.763,AUTO DEMO / SYNTHETIC RMS,0.001902,0.002143,0.004143,1.000,0.00000,0.00661,53,0,59.07,72.59,none
571.005,AUTO DEMO / SYNTHETIC RMS,0.002141,0.002143,0.004143,1.000,0.00000,0.00426,41,0,58.44,76.59,none
571.257,AUTO DEMO / SYNTHETIC RMS,0.001985,0.002143,0.004143,1.000,0.00000,0.00269,31,0,58.96,78.59,none
571.508,AUTO DEMO / SYNTHETIC RMS,0.001871,0.002143,0.004143,1.000,0.00000,0.00171,26,0,59.43,82.59,none
571.763,AUTO DEMO / SYNTHETIC RMS,0.002127,0.002143,0.004143,1.000,0.00000,0.00107,19,0,59.03,86.59,none
572.022,AUTO DEMO / SYNTHETIC RMS,0.002011,0.002143,0.004143,1.000,0.00000,0.00000,9,0,58.14,88.59,none
572.256,AUTO DEMO / SYNTHETIC RMS,0.001854,0.002143,0.004143,1.000,0.00000,0.00000,5,0,58.94,90.59,none
572.509,AUTO DEMO / SYNTHETIC RMS,0.002095,0.002143,0.004143,1.000,0.00000,0.00000,1,0,59.23,94.59,none
572.765,AUTO DEMO / SYNTHETIC RMS,0.002059,0.002143,0.004143,1.000,0.00000,0.00000,0,0,58.76,96.59,none
573.015,AUTO DEMO / SYNTHETIC RMS,0.001850,0.002143,0.004143,1.000,0.00000,0.00000,0,0,59.38,100.59,none
573.264,AUTO DEMO / SYNTHETIC RMS,0.002065,0.002143,0.004143,1.000,0.00000,0.00000,0,0,59.87,102.59,none
573.521,AUTO DEMO / SYNTHETIC RMS,0.002089,0.002143,0.004143,1.000,0.00000,0.00000,0,0,58.81,106.59,none
573.767,AUTO DEMO / SYNTHETIC RMS,0.001855,0.002143,0.004143,1.000,0.00000,0.00000,0,0,50.65,108.59,none
574.002,AUTO DEMO / SYNTHETIC RMS,0.002009,0.002143,0.004143,1.000,0.00000,0.00000,0,0,54.87,112.59,none
574.255,AUTO DEMO / SYNTHETIC RMS,0.002130,0.002143,0.004143,1.000,0.00000,0.00000,0,0,57.14,114.59,none
574.507,AUTO DEMO / SYNTHETIC RMS,0.001877,0.002143,0.004143,1.000,0.00000,0.00000,0,0,56.65,116.59,none
574.751,AUTO DEMO / SYNTHETIC RMS,0.001966,0.002143,0.004143,1.000,0.00000,0.00000,0,0,57.25,120.59,none
575.014,AUTO DEMO / SYNTHETIC RMS,0.002143,0.002143,0.004143,1.000,0.00000,0.00000,0,0,52.45,122.59,none
575.250,AUTO DEMO / SYNTHETIC RMS,0.001912,0.002143,0.004143,1.000,0.00000,0.00000,0,0,55.87,126.59,none
575.517,AUTO DEMO / SYNTHETIC RMS,0.001944,0.002143,0.004143,1.000,0.00000,0.00000,0,0,55.95,128.59,none
575.752,AUTO DEMO / SYNTHETIC RMS,0.002150,0.002143,0.004143,1.000,0.00000,0.00000,0,0,57.83,130.59,none
576.007,AUTO DEMO / SYNTHETIC RMS,0.002005,0.002143,0.004143,1.000,0.00000,0.00000,0,0,58.20,134.59,none
576.262,AUTO DEMO / SYNTHETIC RMS,0.002131,0.002143,0.004143,1.000,0.00000,0.00000,0,0,56.33,136.59,none
576.514,AUTO DEMO / SYNTHETIC RMS,0.001878,0.002143,0.004143,1.000,0.00000,0.00000,0,0,57.98,140.59,none
576.763,AUTO DEMO / SYNTHETIC RMS,0.001970,0.002143,0.004143,1.000,0.00000,0.00000,0,0,59.05,142.59,none
577.014,AUTO DEMO / SYNTHETIC RMS,0.002146,0.002143,0.004143,1.000,0.00000,0.00000,0,0,59.48,146.59,none
577.253,AUTO DEMO / SYNTHETIC RMS,0.001919,0.002143,0.004143,1.000,0.00000,0.00000,0,0,58.96,148.59,none
577.503,AUTO DEMO / SYNTHETIC RMS,0.001920,0.002143,0.004143,1.000,0.00000,0.00000,0,0,59.43,152.59,none
577.753,AUTO DEMO / SYNTHETIC RMS,0.002149,0.002143,0.004143,1.000,0.00000,0.00000,0,0,59.77,156.59,none
578.003,AUTO DEMO / SYNTHETIC RMS,0.001957,0.002143,0.004143,1.000,0.00000,0.00000,0,0,59.87,158.59,none
578.255,AUTO DEMO / SYNTHETIC RMS,0.001889,0.002143,0.004143,1.000,0.00000,0.00000,0,0,59.79,162.59,none
578.505,AUTO DEMO / SYNTHETIC RMS,0.002138,0.002143,0.004143,1.000,0.00000,0.00000,0,0,59.77,164.59,none
578.755,AUTO DEMO / SYNTHETIC RMS,0.001996,0.002143,0.004143,1.000,0.00000,0.00000,0,0,59.91,168.59,none
579.005,AUTO DEMO / SYNTHETIC RMS,0.001865,0.002143,0.004143,1.000,0.00000,0.00000,0,0,59.99,170.59,none
579.263,AUTO DEMO / SYNTHETIC RMS,0.002122,0.002143,0.004143,1.000,0.00000,0.00000,0,0,59.19,174.59,none
579.513,AUTO DEMO / SYNTHETIC RMS,0.002029,0.002143,0.004143,1.000,0.00000,0.00000,0,0,59.57,176.59,none
579.752,AUTO DEMO / SYNTHETIC RMS,0.001852,0.002143,0.004143,1.000,0.00000,0.00000,0,0,59.14,180.59,none
580.007,AUTO DEMO / SYNTHETIC RMS,0.002087,0.002143,0.004143,1.000,0.00000,0.00000,0,0,59.02,182.59,none
580.252,AUTO DEMO / SYNTHETIC RMS,0.002080,0.002143,0.004143,1.000,0.00000,0.00000,0,0,57.92,184.59,none
580.502,AUTO DEMO / SYNTHETIC RMS,0.001851,0.002143,0.004143,1.000,0.00000,0.00000,0,0,59.12,188.59,none
580.755,AUTO DEMO / SYNTHETIC RMS,0.002047,0.002143,0.004143,1.000,0.00000,0.00000,0,0,59.29,192.59,none
581.003,AUTO DEMO / SYNTHETIC RMS,0.002111,0.002143,0.004143,1.000,0.00000,0.00000,0,0,56.04,194.59,none
581.264,AUTO DEMO / SYNTHETIC RMS,0.001858,0.002143,0.004143,1.000,0.00000,0.00000,0,0,55.36,196.59,none
581.548,AUTO DEMO / SYNTHETIC RMS,0.002055,0.002143,0.004143,1.000,0.00000,0.00000,0,0,52.69,200.59,none
581.763,AUTO DEMO / SYNTHETIC RMS,0.002130,0.002143,0.004143,1.000,0.00000,0.00000,0,0,54.42,202.59,none
582.006,AUTO DEMO / SYNTHETIC RMS,0.015081,0.002143,0.004143,1.000,0.18230,0.02758,0,0,54.68,204.59,none
582.260,AUTO DEMO / SYNTHETIC RMS,0.016761,0.002143,0.004143,1.000,0.21030,0.18712,6,1,56.97,208.59,none
582.511,AUTO DEMO / SYNTHETIC RMS,0.018713,0.002143,0.004143,1.000,0.24283,0.23134,14,1,58.39,210.59,none
582.752,AUTO DEMO / SYNTHETIC RMS,0.018834,0.002143,0.004143,1.000,0.24484,0.24520,23,1,58.35,214.59,none
583.002,AUTO DEMO / SYNTHETIC RMS,0.017471,0.002143,0.004143,1.000,0.22212,0.24073,31,1,59.13,216.59,none
583.252,AUTO DEMO / SYNTHETIC RMS,0.015826,0.002143,0.004143,1.000,0.19472,0.22811,40,1,59.48,220.59,none
583.516,AUTO DEMO / SYNTHETIC RMS,0.014982,0.002143,0.004143,1.000,0.18065,0.21145,49,1,58.29,222.59,none
583.766,AUTO DEMO / SYNTHETIC RMS,0.016184,0.002143,0.004143,1.000,0.20067,0.20338,57,1,59.20,226.59,none
584.017,AUTO DEMO / SYNTHETIC RMS,0.018336,0.002143,0.004143,1.000,0.23655,0.22529,64,1,59.45,228.59,none
584.267,AUTO DEMO / SYNTHETIC RMS,0.018975,0.002143,0.004143,1.000,0.24720,0.24499,71,1,59.71,232.59,none
584.508,AUTO DEMO / SYNTHETIC RMS,0.017894,0.002143,0.004143,1.000,0.22918,0.24284,78,0,58.85,234.59,none
584.757,AUTO DEMO / SYNTHETIC RMS,0.016232,0.002143,0.004143,1.000,0.20148,0.23210,80,0,59.54,238.59,none
585.008,AUTO DEMO / SYNTHETIC RMS,0.015045,0.002143,0.004143,1.000,0.18169,0.21622,82,0,59.75,242.59,none
585.257,AUTO DEMO / SYNTHETIC RMS,0.015592,0.002143,0.004143,1.000,0.19082,0.20445,79,0,59.95,244.59,none
585.521,AUTO DEMO / SYNTHETIC RMS,0.017831,0.002143,0.004143,1.000,0.22813,0.22049,79,0,34.29,246.59,none
585.760,AUTO DEMO / SYNTHETIC RMS,0.019011,0.002143,0.004143,1.000,0.24780,0.24231,80,0,38.88,248.59,none
586.012,AUTO DEMO / SYNTHETIC RMS,0.067000,0.002143,0.004143,1.000,1.00000,0.36176,79,0,47.68,28.59,none
586.263,AUTO DEMO / SYNTHETIC RMS,0.070703,0.002143,0.004143,1.000,1.00000,0.94771,99,1,53.54,30.59,none
586.513,AUTO DEMO / SYNTHETIC RMS,0.077126,0.002143,0.004143,1.000,1.00000,0.99573,115,1,56.77,34.59,none
586.764,AUTO DEMO / SYNTHETIC RMS,0.082718,0.002143,0.004143,1.000,1.00000,0.99965,137,1,58.36,38.59,none
587.014,AUTO DEMO / SYNTHETIC RMS,0.085009,0.002143,0.004143,1.000,1.00000,0.99997,152,2,59.19,40.59,none
587.265,AUTO DEMO / SYNTHETIC RMS,0.082407,0.002143,0.004143,1.000,1.00000,1.00000,169,2,59.52,44.59,none
587.515,AUTO DEMO / SYNTHETIC RMS,0.076062,0.002143,0.004143,1.000,1.00000,1.00000,179,2,59.71,46.59,none
587.765,AUTO DEMO / SYNTHETIC RMS,0.069990,0.002143,0.004143,1.000,1.00000,1.00000,179,2,59.90,50.59,none
588.015,AUTO DEMO / SYNTHETIC RMS,0.067182,0.002143,0.004143,1.000,1.00000,1.00000,180,3,59.87,54.59,none
588.265,AUTO DEMO / SYNTHETIC RMS,0.068784,0.002143,0.004143,1.000,1.00000,1.00000,180,3,59.89,56.59,none
588.509,AUTO DEMO / SYNTHETIC RMS,0.074311,0.002143,0.004143,1.000,1.00000,1.00000,179,2,58.33,60.59,none
588.760,AUTO DEMO / SYNTHETIC RMS,0.081025,0.002143,0.004143,1.000,1.00000,1.00000,179,2,59.13,62.59,none
589.010,AUTO DEMO / SYNTHETIC RMS,0.084670,0.002143,0.004143,1.000,1.00000,1.00000,178,3,59.51,66.59,none
589.254,AUTO DEMO / SYNTHETIC RMS,0.083856,0.002143,0.004143,1.000,1.00000,1.00000,174,3,58.42,70.59,none
589.512,AUTO DEMO / SYNTHETIC RMS,0.078924,0.002143,0.004143,1.000,1.00000,1.00000,179,2,58.44,72.59,none
589.766,AUTO DEMO / SYNTHETIC RMS,0.072076,0.002143,0.004143,1.000,1.00000,1.00000,179,2,58.71,76.59,none
590.017,AUTO DEMO / SYNTHETIC RMS,0.067480,0.002143,0.004143,1.000,1.00000,1.00000,175,3,56.51,78.59,none
590.251,AUTO DEMO / SYNTHETIC RMS,0.067614,0.002143,0.004143,1.000,1.00000,1.00000,177,2,58.19,82.59,none
590.502,AUTO DEMO / SYNTHETIC RMS,0.071834,0.002143,0.004143,1.000,1.00000,1.00000,179,2,59.10,84.59,none
590.752,AUTO DEMO / SYNTHETIC RMS,0.078207,0.002143,0.004143,1.000,1.00000,1.00000,178,2,59.56,88.59,none
591.011,AUTO DEMO / SYNTHETIC RMS,0.083863,0.002143,0.004143,1.000,1.00000,1.00000,179,3,58.44,92.59,none
591.261,AUTO DEMO / SYNTHETIC RMS,0.084846,0.002143,0.004143,1.000,1.00000,1.00000,179,2,59.21,94.59,none
591.511,AUTO DEMO / SYNTHETIC RMS,0.080923,0.002143,0.004143,1.000,1.00000,1.00000,178,2,59.58,98.59,none
591.764,AUTO DEMO / SYNTHETIC RMS,0.074623,0.002143,0.004143,1.000,1.00000,1.00000,177,2,59.42,102.59,none
592.013,AUTO DEMO / SYNTHETIC RMS,0.002099,0.002143,0.004143,1.000,0.00000,0.97032,176,3,59.83,104.59,none
592.264,AUTO DEMO / SYNTHETIC RMS,0.001856,0.002143,0.004143,1.000,0.00000,0.61522,176,2,59.88,108.59,none
592.514,AUTO DEMO / SYNTHETIC RMS,0.002021,0.002143,0.004143,1.000,0.00000,0.39037,178,2,59.92,110.59,none
592.764,AUTO DEMO / SYNTHETIC RMS,0.002126,0.002143,0.004143,1.000,0.00000,0.24784,170,2,59.96,114.59,none
593.014,AUTO DEMO / SYNTHETIC RMS,0.001874,0.002143,0.004143,1.000,0.00000,0.15740,163,2,60.04,118.59,none
593.265,AUTO DEMO / SYNTHETIC RMS,0.001980,0.002143,0.004143,1.000,0.00000,0.09971,154,1,59.87,120.59,none
593.525,AUTO DEMO / SYNTHETIC RMS,0.002140,0.002143,0.004143,1.000,0.00000,0.06214,138,1,58.30,124.59,none
593.760,AUTO DEMO / SYNTHETIC RMS,0.001905,0.002143,0.004143,1.000,0.00000,0.04051,124,1,58.92,126.59,none
594.010,AUTO DEMO / SYNTHETIC RMS,0.001934,0.002143,0.004143,1.000,0.00000,0.02574,108,1,59.56,130.59,none
594.260,AUTO DEMO / SYNTHETIC RMS,0.002150,0.002143,0.004143,1.000,0.00000,0.01632,84,0,59.73,134.59,none
594.509,AUTO DEMO / SYNTHETIC RMS,0.001942,0.002143,0.004143,1.000,0.00000,0.01038,68,0,60.01,136.59,none
594.760,AUTO DEMO / SYNTHETIC RMS,0.001899,0.002143,0.004143,1.000,0.00000,0.00657,55,0,59.85,140.59,none
595.001,AUTO DEMO / SYNTHETIC RMS,0.002139,0.002143,0.004143,1.000,0.00000,0.00424,43,0,58.63,142.59,none
595.255,AUTO DEMO / SYNTHETIC RMS,0.001988,0.002143,0.004143,1.000,0.00000,0.00267,30,0,54.78,144.59,none
595.505,AUTO DEMO / SYNTHETIC RMS,0.001869,0.002143,0.004143,1.000,0.00000,0.00170,22,0,57.54,148.59,none
595.755,AUTO DEMO / SYNTHETIC RMS,0.002121,0.002143,0.004143,1.000,0.00000,0.00108,15,0,58.90,152.59,none
596.005,AUTO DEMO / SYNTHETIC RMS,0.002031,0.002143,0.004143,1.000,0.00000,0.00000,5,0,59.58,154.59,none
596.259,AUTO DEMO / SYNTHETIC RMS,0.001855,0.002143,0.004143,1.000,0.00000,0.00000,2,0,59.30,158.59,none
596.510,AUTO DEMO / SYNTHETIC RMS,0.002096,0.002143,0.004143,1.000,0.00000,0.00000,0,0,59.60,160.59,none
596.759,AUTO DEMO / SYNTHETIC RMS,0.002066,0.002143,0.004143,1.000,0.00000,0.00000,0,0,59.92,164.59,none
597.009,AUTO DEMO / SYNTHETIC RMS,0.001850,0.002143,0.004143,1.000,0.00000,0.00000,0,0,60.00,166.59,none
597.260,AUTO DEMO / SYNTHETIC RMS,0.002060,0.002143,0.004143,1.000,0.00000,0.00000,0,0,59.95,170.59,none
597.510,AUTO DEMO / SYNTHETIC RMS,0.002100,0.002143,0.004143,1.000,0.00000,0.00000,0,0,60.00,172.59,none
597.757,AUTO DEMO / SYNTHETIC RMS,0.001858,0.002143,0.004143,1.000,0.00000,0.00000,0,0,49.64,174.59,none
598.015,AUTO DEMO / SYNTHETIC RMS,0.002025,0.002143,0.004143,1.000,0.00000,0.00000,0,0,53.97,178.59,none
598.264,AUTO DEMO / SYNTHETIC RMS,0.002125,0.002143,0.004143,1.000,0.00000,0.00000,0,0,57.11,180.59,none
598.515,AUTO DEMO / SYNTHETIC RMS,0.001871,0.002143,0.004143,1.000,0.00000,0.00000,0,0,58.45,184.59,none
598.764,AUTO DEMO / SYNTHETIC RMS,0.001982,0.002143,0.004143,1.000,0.00000,0.00000,0,0,59.33,186.59,none
599.014,AUTO DEMO / SYNTHETIC RMS,0.002143,0.002143,0.004143,1.000,0.00000,0.00000,0,0,57.23,190.59,none
599.255,AUTO DEMO / SYNTHETIC RMS,0.001908,0.002143,0.004143,1.000,0.00000,0.00000,0,0,57.86,192.59,none
599.505,AUTO DEMO / SYNTHETIC RMS,0.001932,0.002143,0.004143,1.000,0.00000,0.00000,0,0,58.94,196.59,none
599.764,AUTO DEMO / SYNTHETIC RMS,0.002150,0.002143,0.004143,1.000,0.00000,0.00000,0,0,58.19,198.59,none
600.014,AUTO DEMO / SYNTHETIC RMS,0.002013,0.002143,0.004143,1.000,0.00000,0.00000,0,0,59.26,202.59,none
